node_1,node_2
0,516
1,64
1,39
1,162
2,64
3,15
4,15
5,15
7,368
7,8
8,368
8,17
8,7
9,34
10,17
10,368
10,28
10,162
11,34
11,17
11,368
11,28
11,162
12,368
13,17
13,368
14,368
14,17
14,148
16,162
16,34
16,299
16,165
17,39
17,378
18,34
20,17
20,378
22,162
23,162
24,569
25,367
26,17
27,39
28,165
29,364
30,34
32,34
30,34
31,34
32,34
33,165
35,41
35,43
37,281
37,34
38,41
38,43
40,43
42,41
44,36
44,43
45,354
46,60
47,60
48,60
49,60
50,60
51,60
52,60
53,60
54,60
55,60
56,60
57,60
58,60
59,60
61,63
61,68
61,70
62,61
63,64
63,68
65,61
65,62
65,66
66,63
67,61
67,63
67,69
69,61
69,63
61,63
61,68
61,70
71,68
66,68
67,68
67,69
69,68
70,61
72,73
72,74
72,75
72,76
72,78
72,80
74,165
75,165
76,73
76,74
76,75
76,78
76,80
77,74
77,76
77,78
77,73
78,75
78,165
79,34
80,165
81,73
81,74
81,75
81,76
81,78
81,80
82,84
83,34
89,86
90,86
91,86
92,86
93,86
94,134
94,129
95,135
96,121
96,94
97,99
98,100
98,113
98,133
98,86
99,112
99,86
100,113
100,86
101,86
102,86
103,87
104,108
105,108
106,108
106,122
107,108
109,112
110,113
112,111
112,134
112,132
112,137
112,127
113,111
113,135
113,133
113,138
113,128
114,112
115,113
116,83
87,123
117,87
117,86
118,87
118,86
88,87
88,86
119,121
120,87
121,99
122,100
122,118
124,123
125,123
127,126
128,126
131,130
132,129
132,134
133,130
133,135
134,129
135,133
137,136
138,136
139,140
140,378
140,378
140,139
142,368
142,17
142,144
143,144
143,141
143,368
144,378
145,368
145,17
145,147
147,378
147,146
148,378
148,364
148,370
149,165
149,174
149,166
149,167
149,175
149,172
149,180
149,173
149,181
149,171
149,179
150,165
151,165
151,183
151,182
151,184
151,187
151,185
151,186
151,188
152,165
152,244
152,245
152,254
152,189
153,165
154,165
154,261
154,196
154,194
154,195
154,197
154,191
154,190
154,193
154,192
155,165
156,165
157,165
158,165
158,201
159,165
160,165
161,165
161,210
161,229
161,243
161,200
161,246
161,202
161,265
161,260
161,269
161,314
162,165
162,264
162,213
162,212
162,223
162,218
162,220
162,225
162,227
162,222
162,226
162,221
162,214
162,215
162,217
162,216
162,211
163,165
163,224
163,219
163,206
163,205
163,198
163,228
163,256
163,255
164,165
164,257
164,263
164,266
164,267
164,275
164,274
164,278
164,279
164,259
164,272
164,277
164,268
164,276
164,262
165,164
165,149
165,151
165,152
165,153
165,154
165,155
165,156
165,150
165,157
165,82
165,159
165,160
165,161
165,162
165,163
165,280
165,168
165,298
165,192
165,300
165,301
165,313
165,34
165,299
165,281
166,165
167,165
168,165
168,281
169,165
169,281
170,165
170,281
171,165
172,165
173,165
174,165
175,165
176,165
176,281
177,165
177,281
178,165
178,281
179,165
180,165
181,165
182,165
183,165
184,165
185,165
186,165
187,165
188,165
189,165
190,165
191,165
192,165
193,165
194,165
195,165
196,165
197,165
198,165
199,165
199,299
200,165
201,165
202,165
203,165
203,281
204,165
205,165
206,165
207,165
207,299
208,165
209,165
210,165
210,299
211,165
212,165
213,165
214,165
215,165
216,165
217,165
218,165
219,165
220,165
221,165
222,165
223,165
224,165
225,165
226,165
227,165
228,165
229,165
230,165
231,165
232,165
233,165
234,165
235,165
236,165
237,165
238,165
239,165
240,165
241,165
242,165
243,165
244,165
245,165
246,165
247,165
247,281
248,165
249,165
250,165
251,165
252,165
253,165
254,165
255,165
256,165
257,165
257,281
258,165
258,281
259,165
259,265
260,165
261,165
262,165
263,165
264,165
265,165
266,165
267,165
268,165
269,165
270,165
271,165
272,165
273,165
274,165
275,165
275,265
276,165
277,165
278,165
279,165
280,271
280,270
280,231
280,230
280,241
280,239
280,240
280,242
280,232
280,233
280,238
280,234
280,237
280,235
280,236
281,165
281,178
281,170
281,177
281,169
281,176
281,168
281,247
281,203
281,282
281,283
281,285
281,284
281,286
282,165
282,281
283,165
283,281
284,165
284,281
285,165
285,281
286,165
286,281
287,165
287,298
288,165
288,298
289,165
289,298
290,165
290,298
291,165
291,298
292,165
292,298
293,165
293,298
294,165
294,298
295,165
295,298
296,165
296,298
297,165
297,298
298,165
298,290
298,288
298,295
298,297
298,294
298,292
298,293
298,289
298,291
298,287
298,296
299,165
300,165
300,273
300,250
300,249
300,251
300,253
300,252
301,165
301,199
301,207
302,165
302,281
302,298
302,34
303,34
305,304
306,265
307,165
308,165
308,281
308,298
308,34
309,34
310,34
311,281
312,281
313,165
313,208
313,209
313,248
313,204
314,165
315,64
316,321
317,321
318,321
318,319
319,321
320,321
321,316
322,321
323,321
324,321
325,34
325,321
326,321
327,321
328,330
329,330
330,165
330,378
331,332
332,34
334,333
335,334
335,333
299,334
299,333
336,348
337,345
337,346
337,347
337,352
338,339
338,342
338,349
339,351
339,352
339,353
339,338
339,342
340,342
341,342
342,351
342,352
342,348
342,336
342,338
342,339
343,342
344,351
344,352
345,346
345,347
345,348
345,352
345,336
346,345
346,348
346,352
346,353
346,336
347,345
347,352
348,352
348,345
348,346
348,336
348,352
349,342
350,342
351,344
352,353
352,348
352,336
352,347
352,345
352,344
352,353
353,352
353,346
355,354
357,359
358,359
359,356
359,358
360,359
361,378
361,378
362,378
363,378
365,378
366,378
368,378
369,378
370,364
371,378
373,378
373,378
374,378
375,378
376,34
377,378
377,34
378,364
378,370
378,373
378,366
378,369
378,372
378,361
378,367
380,85
380,85
382,381
383,85
383,380
383,381
383,384
384,380
384,68
384,381
384,380
385,384
385,379
386,381
386,384
33,380
34,380
387,380
388,299
388,384
389,34
389,85
389,384
390,380
390,68
390,384
391,384
391,85
392,384
392,381
393,298
393,380
394,380
394,34
68,34
395,368
395,39
395,162
396,64
396,162
396,368
397,378
398,368
398,362
399,368
400,165
401,165
402,165
403,165
400,165
401,165
402,165
403,165
404,368
405,368
406,368
407,368
408,368
408,165
409,368
410,368
411,165
411,368
412,165
412,368
412,415
413,368
414,378
415,378
416,378
417,368
417,414
417,416
418,419
418,368
419,378
420,368
421,368
422,368
422,423
423,165
423,378
424,368
425,368
426,368
426,425
426,427
427,378
429,368
429,428
430,368
430,368
431,368
432,354
432,34
433,434
434,362
434,34
434,368
435,368
436,368
436,367
436,362
437,368
437,362
438,368
439,368
440,368
440,362
441,368
441,165
442,368
443,368
444,368
445,368
446,368
447,368
448,368
449,368
450,368
451,368
452,368
453,368
454,368
455,368
456,368
457,368
458,368
459,368
460,368
461,368
461,373
461,378
462,368
463,378
463,378
464,368
464,362
464,463
465,368
465,362
465,463
465,471
466,468
467,468
467,21
469,468
470,468
470,34
470,466
472,368
473,368
474,368
474,362
474,463
474,471
475,474
476,477
476,368
477,476
477,368
477,476
477,480
478,480
478,34
479,482
479,64
479,480
479,34
481,480
481,478
481,479
482,480
482,34
484,489
485,39
485,64
485,6
486,34
487,491
487,484
488,484
489,490
490,491
490,39
491,34
491,485
492,265
492,39
492,484
492,488
492,485
492,487
492,483
492,489
492,490
492,34
483,34
484,485
484,488
484,34
485,34
493,484
487,484
487,485
487,486
487,488
487,34
488,484
488,34
489,488
489,485
490,487
490,484
490,485
490,488
491,485
494,368
495,368
495,362
495,476
496,368
496,34
496,39
497,368
498,368
499,368
500,368
501,368
502,368
503,368
504,368
505,368
506,368
507,368
507,510
508,368
509,368
510,368
511,514
512,514
513,514
513,34
514,368
515,368
515,368
516,368
516,515
517,34
517,368
518,517
519,34
520,34
520,378
521,34
521,34
521,368
522,34
522,368
522,520
523,34
524,368
524,367
524,34
524,541
524,538
524,543
524,520
524,519
525,34
525,528
526,34
526,528
527,34
527,528
528,34
529,536
530,536
531,34
531,536
532,536
533,536
534,536
535,34
535,536
536,34
537,34
538,34
538,541
538,34
539,368
539,34
540,521
541,34
430,34
430,368
542,521
542,543
543,378
543,34
543,541
544,368
545,362
545,378
546,368
546,362
547,368
547,545
547,19
548,368
548,378
548,28
550,549
551,550
552,554
552,162
552,28
553,554
553,555
556,368
557,368
557,39
558,368
558,39
559,368
560,368
560,39
561,368
404,368
562,368
562,378
563,378
564,378
565,378
566,378
567,368
568,368
569,378
570,378
308,34
308,378