alone_decoder.c,240,49,32,1,159,94,33,373,435,127,808,3914,0.02,50,195700,1.3,10872.22,40,20,11,19,1,19,0.12,1.05,11,0.58,0.08,0
alone_encoder.c,160,26,30,1,104,77,28,220,256,105,476,2215,0.03,33.33,73833.33,0.74,4101.85,20,10,12,9,1,9,0.09,1.11,12,1.33,0.06,0
alsa-input.c,638,118,26,1,494,249,35,999,1295,284,2294,12958,0.01,100,1295800,4.32,71988.89,132,66,147,62,3,62,0.13,1.06,147,2.37,0.1,0
amf.c,1320,155,54,1,1111,234,42,2105,2746,276,4851,27264,0.01,100,2726400,9.09,151466.67,338,169,126,152,25,141,0.13,1.11,126,0.89,0.11,0
app-helpers.c,79,14,0,0,65,54,14,164,164,68,328,1383,0.05,20,27660,0.46,1536.67,8,4,20,4,0,5,0.08,1,20,4,0.06,0
arm.c,72,12,12,1,48,37,21,123,130,58,253,1027,0.03,33.33,34233.33,0.34,1901.85,8,4,2,3,1,4,0.08,1.33,2,0.5,0.06,0
armthumb.c,77,13,12,1,52,40,22,146,162,62,308,1271,0.02,50,63550,0.42,3530.56,8,4,2,3,1,4,0.08,1.33,2,0.5,0.05,0
array-serializer.c,48,0,15,1,33,21,11,55,74,32,129,447,0.07,14.29,6385.71,0.15,354.76,0,0,4,0,0,1,0.03,0,4,4,0.02,0
async-delay-filter.c,246,48,9,0,189,104,27,403,532,131,935,4558,0.02,50,227900,1.52,12661.11,24,12,37,8,0,13,0.07,1.5,37,2.85,0.05,0
attr.c,55,0,39,1,16,0,0,0,0,0,0,0,0,0,0,0,0,0,0,0,0,0,1,0.06,0,0,0,0.02,0
audio-device-enum.c,167,33,3,0,131,81,25,303,359,106,662,3087,0.02,50,154350,1.03,8575,28,14,30,13,0,15,0.11,1.08,30,2,0.09,0
audio-io.c,503,94,29,1,380,184,39,979,1149,223,2128,11506,0.01,100,1150600,3.84,63922.22,114,57,63,30,2,56,0.15,1.9,63,1.13,0.11,0
audio-repack.c,104,6,12,0,86,50,25,188,236,75,424,1830,0.02,50,91500,0.61,5083.33,20,10,12,8,0,11,0.13,1.25,12,1.09,0.11,0
audio-resampler-ffmpeg.c,187,16,19,1,152,109,27,354,423,136,777,3817,0.02,50,190850,1.27,10602.78,60,30,25,28,2,27,0.18,1.07,25,0.93,0.14,0
autostatic.c,71,0,35,1,36,14,5,33,36,19,69,203,0.17,5.88,1194.12,0.07,66.34,0,0,3,0,0,1,0.03,0,3,3,0.01,0
auto_decoder.c,189,39,30,1,120,77,26,276,313,103,589,2729,0.02,50,136450,0.91,7580.56,40,20,13,18,3,17,0.14,1.11,13,0.76,0.09,0
axisang.c,40,0,16,1,24,20,12,73,69,32,142,492,0.05,20,9840,0.16,546.67,4,2,3,2,1,2,0.08,1,3,1.5,0.05,0
barrier.c,49,0,35,1,14,0,0,0,0,0,0,0,0,0,0,0,0,0,0,0,0,0,1,0.07,0,0,0,0.02,0
barrier1.c,60,0,38,1,22,9,9,26,29,18,55,158,0.08,12.5,1975,0.05,109.72,0,0,7,0,0,1,0.05,0,7,7,0.02,0
barrier2.c,57,0,39,1,18,11,8,21,25,19,46,135,0.13,7.69,1038.46,0.05,57.69,0,0,6,0,0,1,0.06,0,6,6,0.02,0
barrier3.c,73,0,39,1,34,25,9,57,75,34,132,465,0.1,10,4650,0.16,258.33,0,0,16,0,0,1,0.03,0,16,16,0.01,0
barrier4.c,112,0,39,1,73,36,16,102,131,52,233,920,0.04,25,23000,0.31,1277.78,14,7,19,4,2,6,0.08,1.75,19,3.17,0.05,0
barrier5.c,120,0,39,1,81,45,22,127,158,67,285,1198,0.03,33.33,39933.33,0.4,2218.52,16,8,16,3,1,8,0.1,2.67,16,2,0.07,0
barrier6.c,119,0,39,1,80,36,18,125,159,54,284,1132,0.03,33.33,37733.33,0.38,2096.3,16,8,22,4,1,8,0.1,2,22,2.75,0.07,0
base.c,137,10,15,1,112,48,15,155,205,63,360,1491,0.04,25,37275,0.5,2070.83,18,9,22,9,1,8,0.07,1,22,2.75,0.06,0
benchlib.c,365,16,46,1,303,66,17,314,449,83,763,3371,0.02,50,168550,1.12,9363.89,100,50,27,46,12,39,0.13,1.09,27,0.69,0.11,0
benchtest1.c,268,16,54,1,198,90,12,319,344,102,663,3066,0.05,20,61320,1.02,3406.67,0,0,81,0,0,1,0.01,0,81,81,0,0
benchtest2.c,329,0,57,2,272,90,13,460,575,103,1035,4796,0.03,33.33,159866.67,1.6,8881.48,8,4,150,0,0,5,0.02,0,150,30,0.02,0
benchtest3.c,219,0,53,1,166,76,12,246,270,88,516,2310,0.05,20,46200,0.77,2566.67,0,0,70,0,0,1,0.01,0,70,70,0,0
benchtest4.c,200,0,53,1,147,68,12,183,199,80,382,1673,0.06,16.67,27883.33,0.56,1549.07,0,0,48,0,0,1,0.01,0,48,48,0.01,0
benchtest5.c,161,0,53,1,108,47,13,150,155,60,305,1248,0.05,20,24960,0.42,1386.67,0,0,37,0,0,1,0.01,0,37,37,0.01,0
blake2b-ref.c,381,54,26,1,301,107,30,930,1066,137,1996,9820,0.01,100,982000,3.27,54555.56,74,37,64,24,1,37,0.12,1.54,64,1.73,0.1,0
block_buffer_decoder.c,83,11,31,1,41,33,15,91,113,48,204,789,0.05,20,15780,0.26,876.67,14,7,0,7,2,6,0.15,1,0,0,0.07,0
block_buffer_encoder.c,308,58,87,1,163,92,30,445,536,122,981,4712,0.01,100,471200,1.57,26177.78,64,32,16,28,1,32,0.2,1.14,16,0.5,0.1,0
block_decoder.c,244,53,49,1,142,95,32,371,413,127,784,3797,0.02,50,189850,1.27,10547.22,36,18,16,16,1,17,0.12,1.13,16,0.94,0.07,0
block_encoder.c,219,52,37,1,130,94,29,340,389,123,729,3508,0.02,50,175400,1.17,9744.44,34,17,14,16,1,16,0.12,1.06,14,0.88,0.07,0
block_header_decoder.c,119,20,35,1,64,49,23,163,204,72,367,1569,0.03,33.33,52300,0.52,2905.56,46,23,8,17,4,20,0.31,1.35,8,0.4,0.17,0
block_header_encoder.c,134,32,32,1,70,47,25,189,220,72,409,1749,0.02,50,87450,0.58,4858.33,30,15,14,12,0,16,0.23,1.25,14,0.88,0.12,0
block_util.c,93,18,25,1,50,31,21,100,112,52,212,837,0.03,33.33,27900,0.28,1550,14,7,0,7,0,8,0.16,1,0,0,0.09,0
bmem.c,156,5,20,1,131,36,18,155,244,54,399,1591,0.03,33.33,53033.33,0.53,2946.3,22,11,25,11,0,12,0.09,1,25,2.08,0.08,0
bounds.c,323,34,28,1,261,102,30,807,1012,132,1819,8881,0.01,100,888100,2.96,49338.89,106,53,50,44,13,41,0.16,1.2,50,1.22,0.13,0
calldata.c,252,20,35,1,197,56,24,418,548,80,966,4233,0.01,100,423300,1.41,23516.67,48,24,36,22,2,23,0.12,1.09,36,1.57,0.09,0
cancel.c,46,0,35,1,11,0,0,0,0,0,0,0,0,0,0,0,0,0,0,0,0,0,1,0.09,0,0,0,0.02,0
cancel1.c,181,0,98,1,83,35,21,150,189,56,339,1364,0.02,50,68200,0.45,3788.89,8,4,30,1,0,5,0.06,4,30,6,0.03,0
cancel2.c,260,0,103,1,157,58,28,210,282,86,492,2191,0.02,50,109550,0.73,6086.11,20,10,36,4,1,9,0.06,2.5,36,4,0.03,0
cancel3.c,203,0,102,1,101,39,24,165,218,63,383,1586,0.02,50,79300,0.53,4405.56,14,7,21,2,0,8,0.08,3.5,21,2.63,0.04,0
cancel4.c,205,0,106,1,99,41,24,164,217,65,381,1590,0.02,50,79500,0.53,4416.67,14,7,21,2,0,8,0.08,3.5,21,2.63,0.04,0
cancel5.c,201,0,102,1,99,38,24,160,213,62,373,1539,0.02,50,76950,0.51,4275,14,7,19,2,0,8,0.08,3.5,19,2.38,0.04,0
cancel6a.c,193,0,93,1,100,41,24,169,222,65,391,1632,0.02,50,81600,0.54,4533.33,14,7,23,2,0,8,0.08,3.5,23,2.88,0.04,0
cancel6d.c,195,0,89,1,106,43,24,172,229,67,401,1686,0.02,50,84300,0.56,4683.33,16,8,24,3,0,9,0.08,2.67,24,2.67,0.05,0
cancel7.c,220,0,99,1,121,46,24,195,244,70,439,1865,0.02,50,93250,0.62,5180.56,14,7,25,2,0,8,0.07,3.5,25,3.13,0.04,0
cancel8.c,221,0,99,1,122,56,23,208,253,79,461,2014,0.02,50,100700,0.67,5594.44,12,6,28,2,0,7,0.06,3,28,4,0.03,0
cancel9.c,204,0,80,1,124,76,16,196,240,92,436,1971,0.05,20,39420,0.66,2190,10,5,50,5,1,5,0.04,1,50,10,0.02,0
caption.c,461,74,58,1,329,150,31,972,1142,181,2114,10989,0.01,100,1098900,3.66,61050,144,72,78,58,7,65,0.2,1.24,78,1.2,0.14,0
cea708.c,285,39,32,1,214,93,31,730,833,124,1563,7534,0.01,100,753400,2.51,41855.56,68,34,21,26,5,30,0.14,1.31,21,0.7,0.11,0
cencode.c,113,4,14,1,95,38,23,153,235,61,388,1595,0.02,50,79750,0.53,4430.56,22,11,6,10,2,8,0.08,1.1,6,0.75,0.07,0
cf-lexer.c,1332,226,58,1,1048,310,38,2426,3423,348,5849,34229,0.01,100,3422900,11.41,190161.11,362,181,235,156,29,150,0.14,1.16,235,1.57,0.11,0
cf-parser.c,67,0,15,1,52,36,20,108,151,56,259,1042,0.03,33.33,34733.33,0.35,1929.63,16,8,7,7,2,7,0.13,1.14,7,1,0.1,0
check.c,177,34,25,1,118,46,17,147,196,63,343,1421,0.04,25,35525,0.47,1973.61,30,15,4,15,3,10,0.08,1,4,0.4,0.06,0
CheckForPthreads.c,41,5,2,0,34,19,14,53,81,33,134,468,0.05,20,9360,0.16,520,4,2,8,1,0,3,0.09,2,8,2.67,0.07,0
chroma-key-filter.c,289,51,0,0,238,191,24,635,682,215,1317,7073,0.03,33.33,235766.67,2.36,13098.15,22,11,92,9,2,10,0.04,1.22,92,9.2,0.03,0
cleanup.c,150,0,107,1,43,13,11,47,62,24,109,346,0.05,20,6920,0.12,384.44,4,2,4,2,0,3,0.07,1,4,1.33,0.02,0
cleanup0.c,231,0,92,1,139,52,23,187,251,75,438,1891,0.02,50,94550,0.63,5252.78,10,5,27,2,0,6,0.04,2.5,27,4.5,0.03,0
cleanup1.c,244,0,98,1,146,53,24,204,272,77,476,2067,0.02,50,103350,0.69,5741.67,14,7,28,2,0,8,0.05,3.5,28,3.5,0.03,0
cleanup2.c,219,0,88,1,131,46,23,171,235,69,406,1719,0.02,50,85950,0.57,4775,10,5,21,2,0,6,0.05,2.5,21,3.5,0.03,0
cleanup3.c,224,0,89,1,135,47,24,179,246,71,425,1811,0.02,50,90550,0.6,5030.56,10,5,23,2,0,6,0.04,2.5,23,3.83,0.03,0
color-correction-filter.c,415,0,116,1,299,157,19,715,744,176,1459,7543,0.02,50,377150,2.51,20952.78,10,5,63,4,0,6,0.02,1.25,63,10.5,0.01,0
color-grade-filter.c,166,37,0,0,129,105,18,277,357,123,634,3050,0.04,25,76250,1.02,4236.11,14,7,50,7,2,6,0.05,1,50,8.33,0.04,0
color-key-filter.c,259,48,0,0,211,156,23,511,579,179,1090,5654,0.03,33.33,188466.67,1.88,10470.37,26,13,81,11,3,11,0.05,1.18,81,7.36,0.04,0
color-source.c,125,29,0,0,96,87,13,218,260,100,478,2201,0.06,16.67,36683.33,0.73,2037.96,0,0,32,0,0,1,0.01,0,32,32,0.01,0
common.c,391,84,48,1,259,123,29,624,716,152,1340,6731,0.01,100,673100,2.24,37394.44,108,54,5,53,10,41,0.16,1.02,5,0.12,0.1,0
compressor-filter.c,540,104,4,0,432,210,30,971,1201,240,2172,11903,0.01,100,1190300,3.97,66127.78,112,56,115,41,5,52,0.12,1.37,115,2.21,0.1,0
condvar.c,52,0,37,1,15,0,0,0,0,0,0,0,0,0,0,0,0,0,0,0,0,0,1,0.07,0,0,0,0.02,0
condvar1.c,99,0,77,1,22,8,9,24,28,17,52,147,0.07,14.29,2100,0.05,116.67,0,0,7,0,0,1,0.05,0,7,7,0.01,0
condvar1_1.c,117,0,77,1,40,18,21,49,74,39,123,450,0.03,33.33,15000,0.15,833.33,6,3,11,1,0,4,0.1,3,11,2.75,0.03,0
condvar1_2.c,126,0,77,1,49,27,21,69,98,48,167,646,0.04,25,16150,0.22,897.22,8,4,12,1,0,5,0.1,4,12,2.4,0.04,0
condvar2.c,127,0,75,1,52,40,16,87,98,56,185,744,0.06,16.67,12400,0.25,688.89,2,1,18,1,0,2,0.04,1,18,9,0.02,0
condvar2_1.c,155,0,75,1,80,51,21,134,169,72,303,1295,0.04,25,32375,0.43,1798.61,6,3,27,1,0,4,0.05,3,27,6.75,0.03,0
condvar3.c,150,0,80,1,70,44,20,116,149,64,265,1102,0.04,25,27550,0.37,1530.56,4,2,27,1,0,3,0.04,2,27,9,0.02,0
condvar3_1.c,203,0,79,1,124,65,25,226,283,90,509,2290,0.02,50,114500,0.76,6361.11,14,7,51,3,1,7,0.06,2.33,51,7.29,0.03,0
condvar3_2.c,195,0,85,1,110,62,25,182,230,87,412,1839,0.03,33.33,61300,0.61,3405.56,14,7,34,5,1,7,0.06,1.4,34,4.86,0.04,0
condvar3_3.c,134,0,82,1,52,28,12,91,108,40,199,734,0.05,20,14680,0.24,815.56,0,0,19,0,0,1,0.02,0,19,19,0.01,0
condvar4.c,171,0,76,1,95,45,19,168,205,64,373,1551,0.03,33.33,51700,0.52,2872.22,2,1,33,0,0,2,0.02,0,33,16.5,0.01,0
condvar5.c,170,0,75,1,95,45,19,168,205,64,373,1551,0.03,33.33,51700,0.52,2872.22,2,1,33,0,0,2,0.02,0,33,16.5,0.01,0
condvar6.c,244,0,98,1,146,58,24,240,297,82,537,2366,0.02,50,118300,0.79,6572.22,10,5,44,1,0,6,0.04,5,44,7.33,0.02,0
condvar7.c,259,0,104,1,155,64,25,259,318,89,577,2589,0.02,50,129450,0.86,7191.67,10,5,50,1,0,6,0.04,5,50,8.33,0.02,0
condvar8.c,260,0,98,1,162,64,27,264,327,91,591,2665,0.02,50,133250,0.89,7402.78,12,6,47,1,0,7,0.04,6,47,6.71,0.03,0
condvar9.c,269,0,101,1,168,69,28,286,350,97,636,2909,0.02,50,145450,0.97,8080.56,12,6,50,2,1,6,0.04,3,50,8.33,0.02,0
config-file.c,869,152,18,1,699,215,31,1575,2166,246,3741,20595,0.01,100,2059500,6.87,114416.67,214,107,202,83,8,100,0.14,1.29,202,2.02,0.12,0
context1.c,144,0,78,1,66,38,13,65,80,51,145,570,0.09,11.11,6333.33,0.19,351.85,4,2,15,2,1,2,0.03,1,15,7.5,0.01,0
coreaudio-enum-devices.c,195,36,1,0,158,78,24,329,418,102,747,3454,0.02,50,172700,1.15,9594.44,36,18,40,17,0,19,0.12,1.06,40,2.11,0.1,0
coreaudio-output.c,343,62,1,0,280,171,30,600,805,201,1405,7451,0.02,50,372550,2.48,20697.22,72,36,74,31,1,36,0.13,1.16,74,2.06,0.1,0
count1.c,92,0,51,1,41,21,15,52,73,36,125,447,0.05,20,8940,0.15,496.67,4,2,8,0,0,3,0.07,0,8,2.67,0.03,0
crc32.c,81,0,17,1,64,269,15,287,293,284,580,3276,0.12,8.33,27300,1.09,1516.67,2,1,0,0,0,2,0.03,0,0,0,0.02,0
crc32_fast.c,85,14,29,1,42,27,22,104,129,49,233,906,0.02,50,45300,0.3,2516.67,10,5,9,1,0,6,0.14,5,9,1.5,0.07,0
crc32_small.c,64,15,11,1,38,23,20,64,82,43,146,549,0.04,25,13725,0.18,762.5,10,5,1,2,1,5,0.13,2.5,1,0.2,0.08,0
crc32_table.c,21,2,11,1,8,0,0,0,0,0,0,0,0,0,0,0,0,0,0,0,0,0,1,0.13,0,0,0,0.05,0
crc32_tablegen.c,119,28,15,1,76,37,21,150,182,58,332,1348,0.02,50,67400,0.45,3744.44,38,19,16,8,2,18,0.24,2.38,16,0.89,0.15,0
crc64_fast.c,75,13,16,1,46,27,22,90,115,49,205,797,0.03,33.33,26566.67,0.27,1475.93,10,5,6,1,0,6,0.13,5,6,1,0.08,0
crc64_small.c,56,13,11,1,32,22,20,58,73,42,131,489,0.04,25,12225,0.16,679.17,10,5,1,2,1,5,0.16,2.5,1,0.2,0.09,0
crc64_table.c,21,2,11,1,8,0,0,0,0,0,0,0,0,0,0,0,0,0,0,0,0,0,1,0.13,0,0,0,0.05,0
crc64_tablegen.c,90,19,14,1,57,35,21,120,143,56,263,1058,0.03,33.33,35266.67,0.35,1959.26,34,17,8,8,3,15,0.26,2.13,8,0.53,0.17,0
create.c,310,0,135,1,175,60,19,183,249,79,432,1887,0.03,33.33,62900,0.63,3494.44,40,20,14,18,4,17,0.1,1.11,14,0.82,0.05,0
create1.c,68,0,42,1,26,13,9,23,30,22,53,163,0.13,7.69,1253.85,0.05,69.66,0,0,4,0,0,1,0.04,0,4,4,0.01,0
create2.c,111,0,72,1,39,22,13,49,69,35,118,419,0.07,14.29,5985.71,0.14,332.54,2,1,8,0,0,2,0.05,0,8,4,0.02,0
create3.c,111,0,72,1,39,22,13,51,74,35,125,444,0.07,14.29,6342.86,0.15,352.38,2,1,8,0,0,2,0.05,0,8,4,0.02,0
crop-filter.c,226,44,0,0,182,124,19,449,551,143,1000,4962,0.03,33.33,165400,1.65,9188.89,24,12,69,10,2,11,0.06,1.2,69,6.27,0.05,0
cursor-capture.c,248,48,0,0,200,129,30,541,652,159,1193,6047,0.02,50,302350,2.02,16797.22,60,30,43,22,2,29,0.14,1.36,43,1.48,0.12,0
dc-capture.c,199,43,0,0,156,125,19,391,481,144,872,4333,0.03,33.33,144433.33,1.44,8024.07,48,24,47,23,4,21,0.13,1.04,47,2.24,0.11,0
decl.c,241,36,18,1,187,108,26,423,585,134,1008,4937,0.02,50,246850,1.65,13713.89,92,46,60,43,9,38,0.2,1.07,60,1.58,0.16,0
decode.c,366,40,15,1,311,133,31,648,837,164,1485,7573,0.01,100,757300,2.52,42072.22,118,59,63,55,8,52,0.17,1.07,63,1.21,0.14,0
delay1.c,53,0,38,1,15,10,11,12,18,21,30,91,0.15,6.67,606.67,0.03,33.7,0,0,2,0,0,1,0.07,0,2,2,0.02,0
delay2.c,84,0,38,1,46,29,11,61,81,40,142,523,0.09,11.11,5811.11,0.17,322.84,0,0,17,0,0,1,0.02,0,17,17,0.01,0
delta_common.c,72,14,17,1,41,37,19,98,117,56,215,865,0.04,25,21625,0.29,1201.39,8,4,2,4,0,5,0.12,1,2,0.4,0.07,0
delta_decoder.c,79,18,11,1,50,51,22,136,140,73,276,1184,0.03,33.33,39466.67,0.39,2192.59,6,3,3,2,0,4,0.08,1.5,3,0.75,0.05,0
delta_encoder.c,124,25,21,1,78,62,24,222,227,86,449,2000,0.02,50,100000,0.67,5555.56,12,6,6,3,1,6,0.08,2,6,1,0.05,0
detach1.c,95,0,46,1,49,25,16,66,88,41,154,571,0.05,20,11420,0.19,634.44,6,3,11,0,0,4,0.08,0,11,2.75,0.04,0
dll.c,95,0,49,1,46,20,9,28,39,29,67,225,0.16,6.25,1406.25,0.08,78.13,8,4,0,4,1,3,0.07,1,0,0,0.03,0
dstr.c,791,152,19,1,620,145,29,1350,1854,174,3204,16529,0.01,100,1652900,5.51,91827.78,246,123,135,100,13,111,0.18,1.23,135,1.22,0.14,0
dump.c,449,79,17,1,353,168,34,683,924,202,1607,8530,0.01,100,853000,2.84,47388.89,160,80,87,72,10,69,0.2,1.11,87,1.26,0.15,0
duplicator-monitor-capture.c,325,72,6,0,247,136,28,508,630,164,1138,5803,0.02,50,290150,1.93,16119.44,56,28,59,21,3,25,0.1,1.33,59,2.36,0.08,0
dvtcc.c,24,4,0,0,20,21,16,52,58,37,110,397,0.05,20,7940,0.13,441.11,6,3,1,2,0,4,0.2,1.5,1,0.25,0.17,0
easy_buffer_encoder.c,30,4,11,1,15,22,9,35,33,31,68,233,0.14,7.14,1664.29,0.08,92.46,2,1,0,1,0,2,0.13,1,0,0,0.07,0
easy_decoder_memusage.c,27,4,11,1,12,11,8,14,15,19,29,85,0.2,5,425,0.03,23.61,2,1,0,1,0,2,0.17,1,0,0,0.07,0
easy_encoder.c,28,4,11,1,13,15,9,20,20,24,40,127,0.17,5.88,747.06,0.04,41.5,2,1,0,1,0,2,0.15,1,0,0,0.07,0
easy_encoder_memusage.c,27,4,11,1,12,11,8,14,15,19,29,85,0.2,5,425,0.03,23.61,2,1,0,1,0,2,0.17,1,0,0,0.07,0
easy_preset.c,30,5,11,1,14,17,12,28,31,29,59,198,0.1,10,1980,0.07,110,2,1,0,1,0,2,0.14,1,0,0,0.07,0
effect-parser.c,2069,375,69,1,1625,511,37,4195,5833,548,10028,63239,0.01,100,6323900,21.08,351327.78,778,389,526,337,56,329,0.2,1.15,526,1.6,0.16,0
effect.c,549,101,16,1,432,162,27,967,1221,189,2188,11468,0.01,100,1146800,3.82,63711.11,142,71,67,56,4,68,0.16,1.27,67,0.99,0.12,0
eia608.c,317,51,37,1,229,178,29,575,781,207,1356,7231,0.02,50,361550,2.41,20086.11,126,63,40,55,14,49,0.21,1.15,40,0.82,0.15,0
eia608_charmap.c,210,0,29,1,181,177,6,177,181,183,358,1864,0.33,3.03,5648.48,0.62,313.8,0,0,0,0,0,1,0.01,0,0,0,0,0
eia608_from_utf8.c,500,5,120,1,375,289,17,592,972,306,1564,8951,0.06,16.67,149183.33,2.98,8287.96,242,121,0,121,12,105,0.28,1,0,0,0.21,0
encoder.c,1018,189,15,0,814,452,33,1776,1966,485,3742,23141,0.02,50,1157050,7.71,64280.56,138,69,248,56,11,59,0.07,1.23,248,4.2,0.06,0
equal1.c,68,0,40,1,28,16,9,36,48,25,84,270,0.1,10,2700,0.09,150,0,0,10,0,0,1,0.04,0,10,10,0.01,0
errno.c,96,0,66,1,30,10,11,17,32,21,49,149,0.11,9.09,1354.55,0.05,75.25,4,2,1,2,1,2,0.07,1,1,0.5,0.02,0
errno1.c,179,0,92,1,87,34,21,124,160,55,284,1138,0.03,33.33,37933.33,0.38,2107.41,8,4,18,1,0,5,0.06,4,18,3.6,0.03,0
error.c,65,10,1,0,54,31,17,125,146,48,271,1049,0.03,33.33,34966.67,0.35,1942.59,16,8,9,8,2,7,0.13,1,9,1.29,0.11,0
exception1.c,265,0,113,1,152,47,21,197,285,68,482,2033,0.02,50,101650,0.68,5647.22,12,6,34,1,0,7,0.05,6,34,4.86,0.03,0
exception2.c,160,0,78,1,82,35,18,61,82,53,143,567,0.06,16.67,9450,0.19,525,4,2,11,1,0,3,0.04,2,11,3.67,0.02,0
exception3.c,185,0,90,1,95,49,16,104,129,65,233,972,0.06,16.67,16200,0.32,900,2,1,25,0,0,2,0.02,0,25,12.5,0.01,0
exit.c,46,0,36,1,10,0,0,0,0,0,0,0,0,0,0,0,0,0,0,0,0,0,1,0.1,0,0,0,0.02,0
exit1.c,52,0,39,1,13,6,7,8,14,13,22,56,0.21,4.76,266.67,0.02,14.82,0,0,2,0,0,1,0.08,0,2,2,0.02,0
exit2.c,66,0,40,1,26,14,9,22,32,23,54,169,0.14,7.14,1207.14,0.06,67.06,0,0,5,0,0,1,0.04,0,5,5,0.02,0
exit3.c,70,0,40,1,30,17,13,31,44,30,75,255,0.08,12.5,3187.5,0.09,177.08,2,1,5,0,0,2,0.07,0,5,2.5,0.03,0
exit4.c,201,0,99,1,102,38,23,144,185,61,329,1352,0.02,50,67600,0.45,3755.56,10,5,13,2,0,6,0.06,2.5,13,2.17,0.03,0
exit5.c,207,0,99,1,108,44,24,170,212,68,382,1611,0.02,50,80550,0.54,4475,10,5,19,2,0,6,0.06,2.5,19,3.17,0.03,0
expander-filter.c,421,52,9,0,360,183,27,908,1044,210,1952,10437,0.01,100,1043700,3.48,57983.33,86,43,93,26,4,40,0.11,1.65,93,2.33,0.1,0
eyal1.c,369,0,118,1,251,75,30,457,588,105,1045,4863,0.01,100,486300,1.62,27016.67,48,24,99,14,2,23,0.09,1.71,99,4.3,0.06,0
fastpos_table.c,521,2,1,1,518,29,6,8196,8196,35,16392,58279,0,0,0,19.43,0,0,0,0,0,0,1,0,0,0,0,0,0
fastpos_tablegen.c,58,12,12,1,34,26,18,71,80,44,151,571,0.04,25,14275,0.19,793.06,10,5,5,2,0,6,0.18,2.5,5,0.83,0.1,0
ff-audio-decoder.c,204,29,22,1,153,74,24,291,387,98,678,3108,0.02,50,155400,1.04,8633.33,52,26,32,23,3,24,0.16,1.13,32,1.33,0.12,0
ff-callbacks.c,63,0,15,1,48,19,10,82,105,29,187,629,0.05,20,12580,0.21,698.89,10,5,5,5,0,6,0.13,1,5,0.83,0.1,0
ff-circular-queue.c,142,16,15,1,111,46,24,202,276,70,478,2030,0.02,50,101500,0.68,5638.89,12,6,28,5,0,7,0.06,1.2,28,4,0.05,0
ff-clock.c,142,13,18,1,111,59,25,180,268,84,448,1985,0.03,33.33,66166.67,0.66,3675.93,24,12,25,11,1,12,0.11,1.09,25,2.08,0.08,0
ff-decoder.c,388,64,48,1,276,158,32,579,736,190,1315,6899,0.02,50,344950,2.3,19163.89,80,40,59,38,9,32,0.12,1.05,59,1.84,0.08,0
ff-demuxer.c,629,99,22,1,508,219,33,1061,1358,252,2419,13375,0.01,100,1337500,4.46,74305.56,198,99,89,95,16,82,0.16,1.04,89,1.09,0.13,0
ff-packet-queue.c,159,24,15,1,120,56,24,234,321,80,555,2432,0.02,50,121600,0.81,6755.56,28,14,26,12,3,12,0.1,1.17,26,2.17,0.08,0
ff-threading-posix.c,29,0,15,1,14,6,6,10,16,12,26,64,0.2,5,320,0.02,17.78,0,0,2,0,0,1,0.07,0,2,2,0.03,0
ff-threading-windows.c,33,0,15,1,18,5,5,8,14,10,22,50,0.25,4,200,0.02,11.11,0,0,2,0,0,1,0.06,0,2,2,0.03,0
ff-timer.c,147,15,19,1,113,56,26,208,281,82,489,2154,0.02,50,107700,0.72,5983.33,26,13,31,12,1,13,0.12,1.08,31,2.38,0.09,0
ff-util.c,428,46,19,1,363,106,27,545,805,133,1350,6601,0.01,100,660100,2.2,36672.22,142,71,29,63,24,45,0.12,1.13,29,0.64,0.11,0
ff-video-decoder.c,153,18,32,1,103,64,20,193,246,84,439,1945,0.03,33.33,64833.33,0.65,3601.85,26,13,23,12,1,13,0.13,1.08,23,1.77,0.08,0
ffmpeg-decode.c,264,40,16,1,208,147,29,464,586,176,1050,5429,0.02,50,271450,1.81,15080.56,116,58,32,55,5,51,0.25,1.05,32,0.63,0.19,0
ffmpeg-mux.c,707,119,23,1,565,251,35,1307,1761,286,3068,17352,0.01,100,1735200,5.78,96400,174,87,129,76,5,83,0.15,1.14,129,1.55,0.12,0
file-serializer.c,176,18,16,1,142,67,21,281,371,88,652,2919,0.02,50,145950,0.97,8108.33,32,16,25,16,2,13,0.09,1,25,1.92,0.07,0
file-updater.c,578,120,5,0,453,212,28,1068,1359,240,2427,13301,0.01,100,1330100,4.43,73894.44,102,51,160,50,0,52,0.11,1.02,160,3.08,0.09,0
filter_buffer_decoder.c,90,14,31,1,45,38,15,111,134,53,245,972,0.05,20,19440,0.32,1080,20,10,0,10,4,7,0.16,1,0,0,0.08,0
filter_buffer_encoder.c,57,9,18,1,30,33,15,73,82,48,155,600,0.06,16.67,10000,0.2,555.56,8,4,0,4,1,4,0.13,1,0,0,0.07,0
filter_common.c,339,46,65,1,228,76,29,465,600,105,1065,4956,0.01,100,495600,1.65,27533.33,64,32,6,23,4,29,0.13,1.39,6,0.21,0.09,0
filter_decoder.c,186,27,22,1,137,74,20,200,290,94,490,2226,0.04,25,55650,0.74,3091.67,10,5,1,3,0,6,0.04,1.67,1,0.17,0.03,0
filter_encoder.c,290,22,62,1,206,93,23,333,467,116,800,3802,0.02,50,190100,1.27,10561.11,22,11,4,7,0,12,0.06,1.57,4,0.33,0.04,0
filter_flags_decoder.c,49,10,15,1,24,23,15,52,58,38,110,400,0.06,16.67,6666.67,0.13,370.37,4,2,0,2,0,3,0.13,1,0,0,0.06,0
filter_flags_encoder.c,59,14,14,1,31,24,14,70,80,38,150,545,0.05,20,10900,0.18,605.56,6,3,0,3,0,4,0.13,1,0,0,0.07,0
find-font-iconv.c,166,18,0,0,148,101,23,258,344,124,602,2901,0.03,33.33,96700,0.97,5372.22,24,12,11,11,1,11,0.07,1.09,11,1,0.07,0
find-font-unix.c,84,1,17,1,66,62,12,112,132,74,244,1050,0.09,11.11,11666.67,0.35,648.15,10,5,16,2,1,5,0.08,2.5,16,3.2,0.06,0
find-font-windows.c,294,55,1,0,238,153,33,516,660,186,1176,6145,0.02,50,307250,2.05,17069.44,52,26,47,21,2,24,0.1,1.24,47,1.96,0.08,0
find-font.c,401,88,5,0,308,146,33,720,988,179,1708,8860,0.01,100,886000,2.95,49222.22,100,50,97,39,0,51,0.17,1.28,97,1.9,0.13,0
flv-mux.c,277,47,24,1,206,163,25,559,654,188,1213,6351,0.02,50,317550,2.12,17641.67,28,14,101,10,1,14,0.07,1.4,101,7.21,0.05,0
flv-output.c,286,40,18,1,228,138,20,450,573,158,1023,5179,0.03,33.33,172633.33,1.73,9590.74,30,15,64,14,2,14,0.06,1.07,64,4.57,0.05,0
fork.c,41,0,35,1,6,0,0,0,0,0,0,0,0,0,0,0,0,0,0,0,0,0,1,0.17,0,0,0,0.02,0
format-conversion.c,326,35,18,1,273,76,23,655,731,99,1386,6368,0.01,100,636800,2.12,35377.78,34,17,25,2,1,17,0.06,8.5,25,1.47,0.05,0
frontend-tools.c,48,7,0,0,41,16,5,28,53,21,81,246,0.23,4.35,1069.57,0.08,59.42,0,0,10,0,0,1,0.02,0,10,10,0.02,0
ftl-stream.c,1183,210,44,1,929,474,40,1916,2401,514,4317,26947,0.01,100,2694700,8.98,149705.56,302,151,237,135,26,125,0.13,1.12,237,1.9,0.11,0
funchook.c,284,57,8,0,219,98,32,568,763,130,1331,6478,0.01,100,647800,2.16,35988.89,70,35,29,31,6,30,0.14,1.13,29,0.97,0.11,0
gain-filter.c,99,17,0,0,82,64,17,144,194,81,338,1485,0.05,20,29700,0.5,1650,6,3,13,1,0,4,0.05,3,13,3.25,0.04,0
game-capture.c,2075,343,19,0,1713,750,42,3839,4620,792,8459,56460,0.01,100,5646000,18.82,313666.67,494,247,505,222,43,203,0.12,1.11,505,2.49,0.1,0
get-graphics-offsets.c,47,7,0,0,40,50,13,106,105,63,211,874,0.07,14.29,12485.71,0.29,693.65,2,1,19,1,0,2,0.05,1,19,9.5,0.04,0
github_commits.c,203,32,11,2,160,97,23,288,385,120,673,3221,0.03,33.33,107366.67,1.07,5964.82,38,19,56,18,1,19,0.12,1.06,56,2.95,0.09,0
gl-capture.c,919,155,7,0,757,403,29,1517,1913,432,3430,20814,0.02,50,1040700,6.94,57816.67,214,107,247,103,8,100,0.13,1.04,247,2.47,0.11,0
gl-helpers.c,171,16,18,1,137,91,22,359,397,113,756,3573,0.02,50,178650,1.19,9925,62,31,33,27,3,29,0.21,1.15,33,1.14,0.17,0
gl-indexbuffer.c,120,9,16,1,95,56,17,180,206,73,386,1656,0.04,25,41400,0.55,2300,18,9,14,6,0,10,0.11,1.5,14,1.4,0.08,0
gl-shader.c,768,141,18,1,609,291,32,1504,1993,323,3497,20204,0.01,100,2020400,6.73,112244.44,238,119,171,108,20,99,0.16,1.1,171,1.73,0.13,0
gl-shaderparser.c,684,75,44,1,565,249,26,1599,2101,275,3700,20782,0.01,100,2078200,6.93,115455.56,272,136,220,118,38,99,0.18,1.15,220,2.22,0.14,0
gl-stagesurf.c,238,38,19,1,181,105,21,382,476,126,858,4149,0.03,33.33,138300,1.38,7683.33,52,26,53,26,0,27,0.15,1,53,1.96,0.11,0
gl-subsystem.c,1422,262,41,1,1119,585,36,2429,2984,621,5413,34812,0.01,100,3481200,11.6,193400,402,201,263,190,28,170,0.15,1.06,263,1.55,0.12,0
gl-texture2d.c,254,39,16,1,199,118,23,512,649,141,1161,5745,0.02,50,287250,1.92,15958.33,68,34,56,34,1,34,0.17,1,56,1.65,0.13,0
gl-texturecube.c,129,11,16,1,102,79,23,246,288,102,534,2469,0.03,33.33,82300,0.82,4572.22,28,14,21,13,0,15,0.15,1.08,21,1.4,0.12,0
gl-vertexbuffer.c,280,38,16,1,226,114,25,543,713,139,1256,6197,0.02,50,309850,2.07,17213.89,102,51,45,46,4,48,0.21,1.11,45,0.94,0.17,0
gl-windows.c,595,87,27,1,481,215,23,916,1207,238,2123,11617,0.02,50,580850,3.87,32269.44,124,62,129,62,4,56,0.12,1,129,2.3,0.09,0
gl-x11.c,615,64,61,2,490,227,27,922,1091,254,2013,11146,0.02,50,557300,3.72,30961.11,126,63,48,59,9,50,0.1,1.07,48,0.96,0.08,0
gl-zstencil.c,82,1,16,1,65,46,16,107,137,62,244,1007,0.05,20,20140,0.34,1118.89,22,11,15,11,1,10,0.15,1,15,1.5,0.12,0
glad.c,7351,28,0,0,7323,8238,28,24608,20701,8266,45309,408682,0.02,50,2.04E+07,136.23,1135227.78,560,280,3479,277,1,280,0.04,1.01,3479,12.43,0.04,0
glad_glx.c,703,31,0,0,672,586,27,1725,1696,613,3421,21957,0.03,33.33,731900,7.32,40661.11,110,55,239,53,1,55,0.08,1.04,239,4.35,0.08,0
glad_wgl.c,634,30,2,0,602,547,24,1574,1517,571,3091,19619,0.03,33.33,653966.67,6.54,36331.48,96,48,222,46,1,48,0.08,1.04,222,4.63,0.08,0
global.c,109,0,71,1,38,30,5,79,58,35,137,487,0.15,6.67,3246.67,0.16,180.37,0,0,0,0,0,1,0.03,0,0,0,0.01,0
gpu-delay.c,268,58,1,0,209,147,24,478,622,171,1100,5655,0.03,33.33,188500,1.89,10472.22,38,19,68,15,2,18,0.09,1.27,68,3.78,0.07,0
graphics-ffmpeg.c,240,44,0,0,196,110,28,450,563,138,1013,4991,0.02,50,249550,1.66,13863.89,54,27,48,24,4,23,0.12,1.13,48,2.09,0.1,0
graphics-hook.c,864,143,18,0,703,346,38,1444,1800,384,3244,19303,0.01,100,1930300,6.43,107238.89,178,89,193,80,5,85,0.12,1.11,193,2.27,0.1,0
graphics-imports.c,207,8,18,1,181,151,8,294,297,159,591,2995,0.13,7.69,23038.46,1,1279.91,0,0,141,0,0,1,0.01,0,141,141,0,0
graphics-magick.c,71,13,0,0,58,51,13,105,124,64,229,952,0.07,14.29,13600,0.32,755.56,10,5,14,5,1,5,0.09,1,14,2.8,0.07,0
graphics.c,2844,655,27,1,2162,840,34,4803,6146,874,10949,74158,0.01,100,7415800,24.72,411988.89,658,329,591,310,12,318,0.15,1.06,591,1.86,0.11,0
hardware_physmem.c,28,4,14,1,10,4,4,4,6,8,10,20,0.5,2,40,0.01,2.22,0,0,0,0,0,1,0.1,0,0,0,0.04,0
hashswf.c,696,31,51,1,614,296,36,1180,1497,332,2677,15540,0.01,100,1554000,5.18,86333.33,182,91,125,80,18,74,0.12,1.14,125,1.69,0.11,0
hashtable.c,358,67,13,1,278,73,28,652,772,101,1424,6571,0.01,100,657100,2.19,36505.56,56,28,61,22,4,25,0.09,1.27,61,2.44,0.07,0
hashtable_seed.c,279,50,26,1,203,83,24,312,404,107,716,3345,0.02,50,167250,1.12,9291.67,62,31,35,27,3,29,0.14,1.15,35,1.21,0.1,0
ia64.c,113,22,13,1,78,63,27,233,258,90,491,2209,0.02,50,110450,0.74,6136.11,16,8,2,4,1,8,0.1,2,2,0.25,0.07,0
image-file.c,365,57,19,1,289,134,34,671,829,168,1500,7685,0.01,100,768500,2.56,42694.44,88,44,61,39,3,42,0.15,1.13,61,1.45,0.12,0
image-source.c,295,57,1,0,237,157,21,463,589,178,1052,5451,0.03,33.33,181700,1.82,10094.44,44,22,60,22,2,21,0.09,1,60,2.86,0.07,0
index.c,1246,257,241,1,748,193,40,1992,2276,233,4268,23265,0,0,0,7.76,0,188,94,63,78,13,81,0.11,1.21,63,0.78,0.07,0
index_decoder.c,348,75,63,1,210,96,32,482,572,128,1054,5114,0.01,100,511400,1.7,28411.11,76,38,22,33,5,33,0.16,1.15,22,0.67,0.09,0
index_encoder.c,257,55,38,1,164,86,33,349,417,119,766,3660,0.01,100,366000,1.22,20333.33,46,23,18,20,2,21,0.13,1.15,18,0.86,0.08,0
index_hash.c,335,68,55,1,212,84,34,511,603,118,1114,5314,0.01,100,531400,1.77,29522.22,76,38,9,32,2,36,0.17,1.19,9,0.25,0.11,0
inherit1.c,179,0,81,1,98,50,19,185,232,69,417,1765,0.03,33.33,58833.33,0.59,3268.52,6,3,41,0,0,4,0.04,0,41,10.25,0.02,0
inject-helper.c,127,22,0,0,105,95,18,213,234,113,447,2113,0.05,20,42260,0.7,2347.78,18,9,28,8,1,9,0.09,1.13,28,3.11,0.07,0
inject-library.c,150,19,9,0,122,96,21,256,283,117,539,2566,0.04,25,64150,0.86,3563.89,26,13,26,11,0,14,0.11,1.18,26,1.86,0.09,0
invert-audio-polarity.c,51,9,0,0,42,37,20,65,105,57,170,687,0.06,16.67,11450,0.23,636.11,6,3,5,1,0,4,0.1,3,5,1.25,0.08,0
jack-input.c,152,0,38,1,114,71,17,177,237,88,414,1853,0.05,20,37060,0.62,2058.89,20,10,26,10,0,11,0.1,1,26,2.36,0.07,0
jack-wrapper.c,161,3,29,1,129,84,26,235,295,110,530,2491,0.03,33.33,83033.33,0.83,4612.96,38,19,26,15,1,18,0.14,1.27,26,1.44,0.11,0
jim-nvenc-helpers.c,151,26,0,0,125,87,17,197,246,104,443,2057,0.05,20,41140,0.69,2285.56,20,10,45,10,2,8,0.06,1,45,5.63,0.05,0
jim-nvenc.c,947,178,43,0,726,471,30,1809,2182,501,3991,24810,0.02,50,1240500,8.27,68916.67,202,101,156,84,10,92,0.13,1.2,156,1.7,0.1,0
join0.c,69,0,40,1,29,20,10,32,46,30,78,265,0.13,7.69,2038.46,0.09,113.25,0,0,8,0,0,1,0.03,0,8,8,0.01,0
join1.c,80,0,41,1,39,24,14,55,76,38,131,476,0.06,16.67,7933.33,0.16,440.74,4,2,9,0,0,3,0.08,0,9,3,0.04,0
join2.c,71,0,39,1,32,19,13,44,65,32,109,377,0.07,14.29,5385.71,0.13,299.21,4,2,6,0,0,3,0.09,0,6,2,0.04,0
join3.c,77,0,43,1,34,20,13,45,67,33,112,391,0.07,14.29,5585.71,0.13,310.32,4,2,7,0,0,3,0.09,0,7,2.33,0.04,0
json_process.c,387,64,13,1,310,144,31,616,780,175,1396,7210,0.02,50,360500,2.4,20027.78,126,63,107,57,8,56,0.18,1.11,107,1.91,0.14,0
kill1.c,85,0,72,1,13,7,6,7,11,13,18,46,0.33,3.03,139.39,0.02,7.74,0,0,3,0,0,1,0.08,0,3,3,0.01,0
lexer.c,313,55,18,1,240,96,33,478,697,129,1175,5710,0.01,100,571000,1.9,31722.22,152,76,25,57,12,65,0.27,1.33,25,0.38,0.21,0
libnsgif.c,1276,0,452,1,824,212,42,1976,2583,254,4559,25244,0.01,100,2524400,8.41,140244.44,306,153,45,134,26,126,0.15,1.14,45,0.36,0.1,0
limiter-filter.c,217,41,4,0,172,112,23,348,429,135,777,3811,0.03,33.33,127033.33,1.27,7057.41,22,11,33,7,1,11,0.06,1.57,33,3,0.05,0
linux-alsa.c,35,0,16,1,19,13,8,18,21,21,39,118,0.18,5.56,655.56,0.04,36.42,0,0,3,0,0,1,0.05,0,3,3,0.03,0
linux-capture.c,43,0,16,1,27,16,8,23,32,24,55,174,0.17,5.88,1023.53,0.06,56.86,0,0,5,0,0,1,0.04,0,5,5,0.02,0
linux-jack.c,34,0,16,1,18,13,8,18,21,21,39,118,0.18,5.56,655.56,0.04,36.42,0,0,3,0,0,1,0.06,0,3,3,0.03,0
linux-pulseaudio.c,36,0,16,1,20,14,8,22,26,22,48,148,0.16,6.25,925,0.05,51.39,0,0,4,0,0,1,0.05,0,4,4,0.03,0
linux-v4l2.c,34,0,16,1,18,13,8,18,21,21,39,118,0.18,5.56,655.56,0.04,36.42,0,0,3,0,0,1,0.06,0,3,3,0.03,0
load-graphics-offsets.c,238,35,9,0,194,130,22,409,483,152,892,4481,0.03,33.33,149366.67,1.49,8298.15,34,17,64,12,0,18,0.09,1.42,64,3.56,0.08,0
load.c,1112,185,40,1,887,253,38,1781,2243,291,4024,22829,0.01,100,2282900,7.61,126827.78,348,174,190,161,34,139,0.16,1.08,190,1.37,0.13,0
loadfree.c,72,0,56,1,16,10,6,14,17,16,31,85,0.24,4.17,354.17,0.03,19.68,0,0,4,0,0,1,0.06,0,4,4,0.01,0
log.c,230,21,25,1,184,85,27,339,424,112,763,3600,0.02,50,180000,1.2,10000,48,24,25,20,2,23,0.13,1.2,25,1.09,0.1,0
luma-key-filter.c,155,32,0,0,123,87,13,260,312,100,572,2634,0.05,20,52680,0.88,2926.67,8,4,39,4,0,5,0.04,1,39,7.8,0.03,0
lzma2_decoder.c,307,65,53,1,189,96,35,404,510,131,914,4455,0.01,100,445500,1.49,24750,72,36,13,35,6,30,0.16,1.03,13,0.43,0.1,0
lzma2_encoder.c,396,81,72,1,243,122,35,614,692,157,1306,6603,0.01,100,660300,2.2,36683.33,72,36,24,34,7,29,0.12,1.06,24,0.83,0.07,0
lzma_decoder.c,1060,165,211,1,684,248,43,1293,1432,291,2725,15459,0.01,100,1545900,5.15,85883.33,142,71,127,58,9,61,0.09,1.22,127,2.08,0.06,0
lzma_encoder.c,678,135,116,1,427,221,42,1290,1435,263,2725,15184,0.01,100,1518400,5.06,84355.56,130,65,81,51,13,52,0.12,1.27,81,1.56,0.08,0
lzma_encoder_optimum_fast.c,182,31,26,1,125,47,29,317,402,76,719,3113,0.01,100,311300,1.04,17294.44,60,30,9,23,1,30,0.24,1.3,9,0.3,0.16,0
lzma_encoder_optimum_normal.c,871,193,49,1,629,173,39,1946,2097,212,4043,21656,0,0,0,7.22,0,214,107,96,69,13,95,0.15,1.55,96,1.01,0.11,0
lzma_encoder_presets.c,66,10,11,1,45,60,18,129,138,78,267,1163,0.05,20,23260,0.39,1292.22,26,13,0,9,3,11,0.24,1.44,0,0,0.17,0
lz_decoder.c,303,53,74,1,176,87,27,532,583,114,1115,5280,0.01,100,528000,1.76,29333.33,66,33,18,31,5,29,0.16,1.06,18,0.62,0.1,0
lz_encoder.c,585,91,146,1,348,155,41,902,1039,196,1941,10244,0.01,100,1024400,3.41,56911.11,110,55,42,53,7,48,0.14,1.04,42,0.88,0.08,0
lz_encoder_mf.c,756,161,114,1,481,93,30,1023,1197,123,2220,10683,0.01,100,1068300,3.56,59350,134,67,27,46,3,65,0.14,1.46,27,0.42,0.09,0
mac-audio.c,828,171,7,0,650,354,32,1403,1751,386,3154,18784,0.02,50,939200,6.26,52177.78,174,87,152,76,6,81,0.12,1.14,152,1.88,0.1,0
mask-filter.c,250,51,0,0,199,167,22,449,553,189,1002,5252,0.03,33.33,175066.67,1.75,9725.93,12,6,81,5,0,7,0.04,1.2,81,11.57,0.03,0
math-extra.c,135,10,23,1,102,58,18,235,298,76,533,2308,0.03,33.33,76933.33,0.77,4274.07,30,15,28,15,4,12,0.12,1,28,2.33,0.09,0
matrix3.c,147,4,16,1,127,72,17,460,560,89,1020,4578,0.02,50,228900,1.53,12716.67,6,3,44,2,1,3,0.02,1.5,44,14.67,0.02,0
matrix4.c,300,29,16,1,255,103,26,1027,1067,129,2094,10176,0.01,100,1017600,3.39,56533.33,38,19,64,11,4,16,0.06,1.73,64,4,0.05,0
md5.c,297,0,62,1,235,138,24,972,941,162,1913,9732,0.01,100,973200,3.24,54066.67,12,6,138,5,0,7,0.03,1.2,138,19.71,0.02,0
media-remux.c,274,40,16,1,218,113,29,447,547,142,994,4926,0.02,50,246300,1.64,13683.33,58,29,54,27,0,30,0.14,1.07,54,1.8,0.11,0
media.c,776,126,16,1,634,325,38,1527,1867,363,3394,20005,0.01,100,2000500,6.67,111138.89,284,142,134,129,13,126,0.2,1.1,134,1.06,0.16,0
memory.c,71,8,9,1,54,25,11,68,93,36,161,576,0.07,14.29,8228.57,0.19,457.14,10,5,4,5,0,6,0.11,1,4,0.67,0.08,0
misc.c,52,0,35,1,17,0,0,0,0,0,0,0,0,0,0,0,0,0,0,0,0,0,1,0.06,0,0,0,0.02,0
monitor-capture.c,249,56,2,0,191,148,21,437,529,169,966,4955,0.03,33.33,165166.67,1.65,9175.93,6,3,53,3,0,4,0.02,1,53,13.25,0.02,0
mpeg.c,748,102,122,1,524,182,43,1471,1774,225,3245,17575,0.01,100,1757500,5.86,97638.89,210,105,166,78,19,85,0.16,1.35,166,1.95,0.11,0
mutex.c,64,0,35,1,29,0,0,0,0,0,0,0,0,0,0,0,0,0,0,0,0,0,1,0.03,0,0,0,0.02,0
mutex1.c,70,0,44,1,26,10,9,33,38,19,71,209,0.07,14.29,2985.71,0.07,165.87,0,0,11,0,0,1,0.04,0,11,11,0.01,0
mutex1e.c,80,0,45,1,35,17,9,50,54,26,104,338,0.08,12.5,4225,0.11,234.72,0,0,17,0,0,1,0.03,0,17,17,0.01,0
mutex1n.c,80,0,45,1,35,17,9,50,54,26,104,338,0.08,12.5,4225,0.11,234.72,0,0,17,0,0,1,0.03,0,17,17,0.01,0
mutex1r.c,80,0,45,1,35,17,9,50,54,26,104,338,0.08,12.5,4225,0.11,234.72,0,0,17,0,0,1,0.03,0,17,17,0.01,0
mutex2.c,68,0,42,1,26,10,8,31,35,18,66,190,0.08,12.5,2375,0.06,131.94,0,0,10,0,0,1,0.04,0,10,10,0.01,0
mutex2e.c,68,0,42,1,26,10,8,31,35,18,66,190,0.08,12.5,2375,0.06,131.94,0,0,10,0,0,1,0.04,0,10,10,0.01,0
mutex2r.c,68,0,42,1,26,10,8,31,35,18,66,190,0.08,12.5,2375,0.06,131.94,0,0,10,0,0,1,0.04,0,10,10,0.01,0
mutex3.c,77,0,43,1,34,19,9,43,51,28,94,313,0.1,10,3130,0.1,173.89,0,0,11,0,0,1,0.03,0,11,11,0.01,0
mutex3e.c,77,0,43,1,34,19,9,43,51,28,94,313,0.1,10,3130,0.1,173.89,0,0,11,0,0,1,0.03,0,11,11,0.01,0
mutex3r.c,77,0,43,1,34,19,9,43,51,28,94,313,0.1,10,3130,0.1,173.89,0,0,11,0,0,1,0.03,0,11,11,0.01,0
mutex4.c,111,0,42,1,69,31,11,179,218,42,397,1483,0.03,33.33,49433.33,0.49,2746.3,4,2,58,0,0,3,0.04,0,58,19.33,0.03,0
mutex5.c,69,0,39,1,30,18,9,48,53,27,101,332,0.08,12.5,4150,0.11,230.56,0,0,19,0,0,1,0.03,0,19,19,0.01,0
mutex6.c,95,0,51,1,44,20,10,54,67,30,121,411,0.07,14.29,5871.43,0.14,326.19,0,0,17,0,0,1,0.02,0,17,17,0.01,0
mutex6e.c,111,0,53,1,58,35,10,93,117,45,210,799,0.08,12.5,9987.5,0.27,554.86,0,0,30,0,0,1,0.02,0,30,30,0.01,0
mutex6es.c,96,0,53,1,43,24,10,61,81,34,142,500,0.08,12.5,6250,0.17,347.22,0,0,18,0,0,1,0.02,0,18,18,0.01,0
mutex6n.c,109,0,50,1,59,33,11,85,100,44,185,700,0.07,14.29,10000,0.23,555.56,4,2,26,0,0,3,0.05,0,26,8.67,0.03,0
mutex6r.c,109,0,52,1,57,33,10,93,117,43,210,789,0.07,14.29,11271.43,0.26,626.19,0,0,30,0,0,1,0.02,0,30,30,0.01,0
mutex6rs.c,94,0,52,1,42,22,10,61,81,32,142,492,0.07,14.29,7028.57,0.16,390.48,0,0,18,0,0,1,0.02,0,18,18,0.01,0
mutex6s.c,95,0,51,1,44,20,10,53,65,30,118,401,0.08,12.5,5012.5,0.13,278.47,0,0,16,0,0,1,0.02,0,16,16,0.01,0
mutex7.c,84,0,46,1,38,21,10,49,62,31,111,381,0.09,11.11,4233.33,0.13,235.19,0,0,15,0,0,1,0.03,0,15,15,0.01,0
mutex7e.c,110,0,53,1,57,35,10,89,112,45,201,765,0.08,12.5,9562.5,0.26,531.25,0,0,28,0,0,1,0.02,0,28,28,0.01,0
mutex7n.c,102,0,49,1,53,33,10,76,93,43,169,635,0.09,11.11,7055.56,0.21,391.98,0,0,24,0,0,1,0.02,0,24,24,0.01,0
mutex7r.c,109,0,52,1,57,34,10,93,117,44,210,794,0.07,14.29,11342.86,0.26,630.16,0,0,30,0,0,1,0.02,0,30,30,0.01,0
mutex8.c,84,0,35,1,49,32,13,66,79,45,145,551,0.07,14.29,7871.43,0.18,437.3,0,0,13,0,0,1,0.02,0,13,13,0.01,0
mutex8e.c,105,0,42,1,63,42,13,93,108,55,201,805,0.07,14.29,11500,0.27,638.89,0,0,22,0,0,1,0.02,0,22,22,0.01,0
mutex8n.c,105,0,42,1,63,42,13,93,108,55,201,805,0.07,14.29,11500,0.27,638.89,0,0,22,0,0,1,0.02,0,22,22,0.01,0
mutex8r.c,105,0,42,1,63,42,13,93,108,55,201,805,0.07,14.29,11500,0.27,638.89,0,0,22,0,0,1,0.02,0,22,22,0.01,0
net-if.c,274,36,16,1,222,144,27,430,591,171,1021,5249,0.02,50,262450,1.75,14580.56,68,34,46,26,5,30,0.14,1.31,46,1.53,0.11,0
noise-gate-filter.c,197,31,0,0,166,113,24,374,429,137,803,3950,0.03,33.33,131666.67,1.32,7314.82,16,8,37,5,1,8,0.05,1.6,37,4.63,0.04,0
noise-suppress-filter.c,303,56,33,0,214,122,24,558,690,146,1248,6219,0.02,50,310950,2.07,17275,46,23,45,8,1,23,0.11,2.88,45,1.96,0.08,0
nonportable.c,49,0,35,1,14,0,0,0,0,0,0,0,0,0,0,0,0,0,0,0,0,0,1,0.07,0,0,0,0.02,0
null-audio-monitoring.c,25,4,0,0,21,13,7,27,36,20,63,188,0.14,7.14,1342.86,0.06,74.6,0,0,5,0,0,1,0.05,0,5,5,0.04,0
null-output.c,101,3,16,1,82,49,16,126,172,65,298,1243,0.05,20,24860,0.41,1381.11,8,4,14,4,0,5,0.06,1,14,2.8,0.05,0
obf.c,29,6,0,0,23,16,18,41,52,34,93,327,0.04,25,8175,0.11,454.17,6,3,2,1,0,4,0.17,3,2,0.5,0.14,0
obfuscate.c,42,8,0,0,34,23,19,59,71,42,130,485,0.04,25,12125,0.16,673.61,6,3,5,1,0,4,0.12,3,5,1.25,0.1,0
obs-audio.c,495,79,33,1,383,154,34,914,1084,188,1998,10462,0.01,100,1046200,3.49,58122.22,108,54,66,38,1,54,0.14,1.42,66,1.22,0.11,0
obs-avc.c,277,40,19,1,218,89,32,548,720,121,1268,6081,0.01,100,608100,2.03,33783.33,82,41,37,30,3,39,0.18,1.37,37,0.95,0.14,0
obs-cocoa.c,1329,178,28,2,1123,812,33,2260,2889,845,5149,34700,0.02,50,1735000,11.57,96388.89,916,458,301,449,6,447,0.4,1.02,301,0.67,0.34,0
obs-convenience.c,87,5,16,1,66,61,18,144,179,79,323,1411,0.05,20,28220,0.47,1567.78,12,6,23,5,0,7,0.11,1.2,23,3.29,0.08,0
obs-data.c,2177,415,36,1,1726,439,36,4207,5138,475,9345,57596,0.01,100,5759600,19.2,319977.78,402,201,529,166,28,174,0.1,1.21,529,3.04,0.08,0
obs-display.c,257,48,19,1,190,103,22,429,521,125,950,4586,0.02,50,229300,1.53,12738.89,44,22,55,20,1,22,0.12,1.1,55,2.5,0.09,0
obs-encoder.c,1304,222,36,1,1046,381,36,2512,3186,417,5698,34376,0.01,100,3437600,11.46,190977.78,352,176,269,147,10,167,0.16,1.2,269,1.61,0.13,0
obs-ffmpeg-audio-encoders.c,409,64,21,1,324,215,30,759,934,245,1693,9313,0.02,50,465650,3.1,25869.44,78,39,70,36,2,36,0.11,1.08,70,1.94,0.09,0
obs-ffmpeg-mux.c,900,161,30,1,709,331,39,1590,2055,370,3645,21554,0.01,100,2155400,7.18,119744.44,158,79,229,65,6,73,0.1,1.22,229,3.14,0.08,0
obs-ffmpeg-nvenc.c,557,91,18,1,448,312,31,1125,1270,343,2395,13981,0.02,50,699050,4.66,38836.11,82,41,153,30,5,37,0.08,1.37,153,4.14,0.07,0
obs-ffmpeg-output.c,1276,229,38,1,1009,488,40,2532,3154,528,5686,35646,0.01,100,3564600,11.88,198033.33,296,148,262,121,8,141,0.14,1.22,262,1.86,0.11,0
obs-ffmpeg-source.c,515,71,16,1,428,266,26,955,1118,292,2073,11767,0.02,50,588350,3.92,32686.11,80,40,152,31,2,39,0.09,1.29,152,3.9,0.08,0
obs-ffmpeg-vaapi.c,541,92,18,1,431,294,32,1023,1202,326,2225,12875,0.02,50,643750,4.29,35763.89,80,40,123,31,4,37,0.09,1.29,123,3.32,0.07,0
obs-ffmpeg.c,378,65,4,0,309,178,34,497,649,212,1146,6138,0.02,50,306900,2.05,17050,80,40,70,34,1,39,0.13,1.18,70,1.79,0.1,0
obs-filters.c,59,3,0,0,56,31,8,90,111,39,201,736,0.09,11.11,8177.78,0.25,454.32,0,0,21,0,0,1,0.02,0,21,21,0.02,0
obs-hotkey-name-map.c,413,70,16,1,327,110,36,668,835,146,1503,7490,0.01,100,749000,2.5,41611.11,90,45,60,33,4,40,0.12,1.36,60,1.5,0.1,0
obs-hotkey.c,1615,303,16,1,1296,437,33,3033,3655,470,6688,41149,0.01,100,4114900,13.72,228605.56,302,151,375,137,5,146,0.11,1.1,375,2.57,0.09,0
obs-libfdk.c,327,62,4,0,261,205,27,540,647,232,1187,6465,0.03,33.33,215500,2.15,11972.22,58,29,57,28,2,26,0.1,1.04,57,2.19,0.08,0
obs-module.c,782,125,26,1,631,281,30,1299,1668,311,2967,17029,0.01,100,1702900,5.68,94605.56,184,92,206,79,7,86,0.14,1.16,206,2.4,0.11,0
obs-nix.c,1236,115,41,1,1080,936,41,2281,3039,977,5320,36625,0.02,50,1831250,12.21,101736.11,854,427,199,410,16,407,0.38,1.04,199,0.49,0.33,0
obs-output-delay.c,212,27,18,1,167,94,27,350,460,121,810,3884,0.02,50,194200,1.29,10788.89,44,22,48,18,3,19,0.11,1.22,48,2.53,0.09,0
obs-output.c,2255,401,45,1,1809,617,39,4152,5220,656,9372,60788,0.01,100,6078800,20.26,337711.11,750,375,453,313,42,334,0.18,1.2,453,1.36,0.15,0
obs-outputs.c,47,7,0,0,40,23,8,39,48,31,87,298,0.15,6.67,1986.67,0.1,110.37,0,0,9,0,0,1,0.03,0,9,9,0.02,0
obs-properties.c,1317,207,32,1,1078,271,33,2610,3212,304,5822,33284,0.01,100,3328400,11.09,184911.11,346,173,217,116,14,159,0.15,1.49,217,1.36,0.12,0
obs-qsv11-plugin-main.c,92,0,55,1,37,29,12,53,64,41,117,434,0.09,11.11,4822.22,0.14,267.9,6,3,8,3,1,3,0.08,1,8,2.67,0.03,0
obs-qsv11.c,747,93,80,1,574,351,37,1421,1629,388,3050,18181,0.01,100,1818100,6.06,101005.56,144,72,170,67,20,53,0.09,1.07,170,3.21,0.07,0
obs-scene.c,2928,573,54,1,2301,708,38,5806,6955,746,12761,84410,0.01,100,8441000,28.14,468944.44,734,367,635,282,44,324,0.14,1.3,635,1.96,0.11,0
obs-scripting-logging.c,66,0,16,1,50,38,16,91,113,54,204,813,0.05,20,16260,0.27,903.33,12,6,8,6,2,4,0.08,1,8,2,0.06,0
obs-scripting-lua-frontend.c,317,47,20,1,250,93,21,436,554,114,990,4688,0.02,50,234400,1.56,13022.22,30,15,89,10,0,16,0.06,1.5,89,5.56,0.05,0
obs-scripting-lua-source.c,764,137,21,1,606,193,23,1147,1470,216,2617,14067,0.01,100,1406700,4.69,78150,124,62,206,51,3,60,0.1,1.22,206,3.43,0.08,0
obs-scripting-lua.c,1326,283,58,1,985,341,30,2175,2757,371,4932,29178,0.01,100,2917800,9.73,162100,248,124,352,115,7,118,0.12,1.08,352,2.98,0.09,0
obs-scripting-python-frontend.c,363,68,19,1,276,102,20,569,733,122,1302,6254,0.02,50,312700,2.08,17372.22,50,25,129,20,0,26,0.09,1.25,129,4.96,0.07,0
obs-scripting-python-import.c,151,3,16,1,132,96,14,189,205,110,394,1851,0.07,14.29,26442.86,0.62,1469.05,8,4,78,4,0,5,0.04,1,78,15.6,0.03,0
obs-scripting-python.c,1736,361,62,1,1313,442,32,2801,3670,474,6471,39869,0.01,100,3986900,13.29,221494.44,358,179,529,159,9,171,0.13,1.13,529,3.09,0.1,0
obs-scripting.c,461,73,22,1,366,137,22,549,727,159,1276,6467,0.02,50,323350,2.16,17963.89,86,43,83,34,2,42,0.11,1.26,83,1.98,0.09,0
obs-service.c,407,62,21,1,324,145,24,699,922,169,1621,8315,0.02,50,415750,2.77,23097.22,124,62,79,53,1,62,0.19,1.17,79,1.27,0.15,0
obs-slideshow.c,948,198,19,0,731,359,39,1666,1998,398,3664,21934,0.01,100,2193400,7.31,121855.56,196,98,201,88,16,83,0.11,1.11,201,2.42,0.09,0
obs-source-deinterlace.c,426,63,23,1,340,177,32,774,909,209,1683,8991,0.01,100,899100,3,49950,132,66,68,57,10,56,0.16,1.16,68,1.21,0.13,0
obs-source-transition.c,1049,190,17,1,842,304,35,2137,2350,339,4487,26141,0.01,100,2614100,8.71,145227.78,266,133,222,109,11,123,0.15,1.22,222,1.8,0.12,0
obs-source.c,4376,842,70,1,3464,1142,44,8807,10489,1186,19296,136583,0.01,100,1.37E+07,45.53,758794.44,1266,633,917,513,55,571,0.16,1.23,917,1.61,0.13,0
obs-transitions.c,30,3,0,0,27,19,8,42,51,27,93,306,0.11,9.09,2781.82,0.1,154.55,0,0,9,0,0,1,0.04,0,9,9,0.03,0
obs-video-gpu-encode.c,230,37,20,1,173,105,29,344,442,134,786,3849,0.02,50,192450,1.28,10691.67,42,21,41,16,2,20,0.12,1.31,41,2.05,0.09,0
obs-video.c,904,160,33,1,711,371,38,1809,2090,409,3899,23447,0.01,100,2344700,7.82,130261.11,168,84,213,66,16,68,0.1,1.27,213,3.13,0.08,0
obs-view.c,142,21,16,1,105,45,19,184,253,64,437,1817,0.03,33.33,60566.67,0.61,3364.82,38,19,27,17,1,19,0.18,1.12,27,1.42,0.13,0
obs-win-crash-handler.c,525,71,18,1,436,304,25,1022,1101,329,2123,12305,0.02,50,615250,4.1,34180.56,64,32,88,25,6,27,0.06,1.28,88,3.26,0.05,0
obs-windows.c,812,121,20,1,671,568,37,1260,1686,605,2946,18869,0.02,50,943450,6.29,52413.89,446,223,146,206,9,211,0.31,1.08,146,0.69,0.26,0
obs-x264-plugin-main.c,18,3,0,0,15,13,8,18,21,21,39,118,0.18,5.56,655.56,0.04,36.42,0,0,3,0,0,1,0.07,0,3,3,0.06,0
obs-x264.c,786,135,23,1,628,354,30,1492,1845,384,3337,19857,0.02,50,992850,6.62,55158.33,166,83,182,72,15,68,0.11,1.15,182,2.68,0.09,0
obs.c,2418,473,29,1,1916,818,40,4430,5702,858,10132,68437,0.01,100,6843700,22.81,380205.56,546,273,580,228,16,253,0.13,1.2,580,2.29,0.1,0
once1.c,79,0,41,1,38,19,10,41,51,29,92,309,0.09,11.11,3433.33,0.1,190.74,0,0,8,0,0,1,0.03,0,8,8,0.01,0
once2.c,115,0,44,1,71,35,18,125,163,53,288,1143,0.03,33.33,38100,0.38,2116.67,12,6,17,1,0,7,0.1,6,17,2.43,0.06,0
once3.c,136,0,61,1,75,38,19,132,174,57,306,1237,0.03,33.33,41233.33,0.41,2290.74,12,6,22,1,0,7,0.09,6,22,3.14,0.05,0
once4.c,195,0,71,1,124,68,21,225,274,89,499,2239,0.03,33.33,74633.33,0.75,4146.3,12,6,37,1,0,7,0.06,6,37,5.29,0.04,0
openmp1.c,142,25,8,0,109,56,24,173,236,80,409,1792,0.03,33.33,59733.33,0.6,3318.52,32,16,24,10,1,16,0.15,1.6,24,1.5,0.11,0
pack_unpack.c,873,153,33,1,687,200,29,1386,1894,229,3280,17822,0.01,100,1782200,5.94,99011.11,280,140,253,128,15,124,0.18,1.09,253,2.04,0.14,0
parseurl.c,281,0,44,1,237,99,30,393,529,129,922,4480,0.02,50,224000,1.49,12444.44,102,51,38,49,17,35,0.15,1.04,38,1.09,0.12,0
pipe-posix.c,98,2,16,1,80,36,15,123,158,51,281,1104,0.04,25,27600,0.37,1533.33,16,8,11,8,0,9,0.11,1,11,1.22,0.09,0
pipe-windows.c,218,28,15,1,175,77,21,332,414,98,746,3420,0.02,50,171000,1.14,9500,52,26,25,21,1,26,0.15,1.24,25,0.96,0.12,0
plane.c,164,17,20,1,127,54,20,308,389,74,697,2999,0.02,50,149950,1,8330.56,46,23,29,23,7,17,0.13,1,29,1.71,0.1,0
platform-nix-dbus.c,200,13,21,1,166,85,28,277,394,113,671,3172,0.02,50,158600,1.06,8811.11,42,21,29,19,2,19,0.11,1.11,29,1.53,0.1,0
platform-nix.c,936,152,23,1,761,383,36,1437,1934,419,3371,20353,0.01,100,2035300,6.78,113072.22,202,101,194,88,11,91,0.12,1.15,194,2.13,0.1,0
platform-windows.c,1081,199,22,1,860,402,41,1708,2187,443,3895,23734,0.01,100,2373400,7.91,131855.56,224,112,212,97,5,107,0.12,1.15,212,1.98,0.1,0
platform.c,789,142,24,1,623,238,31,1385,1746,269,3131,17517,0.01,100,1751700,5.84,97316.67,188,94,153,82,7,88,0.14,1.15,153,1.74,0.11,0
plugin-main.c,109,23,4,0,82,56,17,133,161,73,294,1261,0.05,20,25220,0.42,1401.11,16,8,25,8,2,7,0.09,1,25,3.57,0.06,0
powerpc.c,76,13,13,1,50,40,23,139,155,63,294,1218,0.03,33.33,40600,0.41,2255.56,8,4,2,3,1,4,0.08,1.33,2,0.5,0.05,0
price_table.c,24,2,1,1,21,66,5,131,131,71,262,1116,0.2,5,5580,0.37,310,0,0,0,0,0,1,0.05,0,0,0,0.04,0
price_tablegen.c,89,18,14,1,57,36,25,88,110,61,198,813,0.03,33.33,27100,0.27,1505.56,12,6,10,2,0,7,0.12,3,10,1.43,0.08,0
priority1.c,174,0,78,1,96,56,21,174,221,77,395,1715,0.03,33.33,57166.67,0.57,3175.93,8,4,41,2,1,4,0.04,2,41,10.25,0.02,0
priority2.c,171,0,81,1,90,45,20,181,223,65,404,1686,0.02,50,84300,0.56,4683.33,4,2,41,0,0,3,0.03,0,41,13.67,0.02,0
private.c,56,0,36,1,20,0,0,0,0,0,0,0,0,0,0,0,0,0,0,0,0,0,1,0.05,0,0,0,0.02,0
proc.c,92,2,16,1,74,44,19,125,170,63,295,1222,0.04,25,30550,0.41,1697.22,14,7,12,5,0,8,0.11,1.4,12,1.5,0.09,0
profiler.c,1174,225,12,0,937,300,40,2163,2730,340,4893,28521,0.01,100,2852100,9.51,158450,254,127,174,73,6,122,0.13,1.74,174,1.43,0.1,0
pthread.c,68,0,38,1,30,0,0,0,0,0,0,0,0,0,0,0,0,0,0,0,0,0,1,0.03,0,0,0,0.01,0
pthread_attr_destroy.c,81,0,60,1,21,9,9,16,24,18,40,115,0.13,7.69,884.62,0.04,49.15,2,1,2,1,0,2,0.1,1,2,1,0.02,0
pthread_attr_getdetachstate.c,88,0,70,1,18,8,12,14,23,20,37,110,0.1,10,1100,0.04,61.11,2,1,1,1,0,2,0.11,1,1,0.5,0.02,0
pthread_attr_getinheritsched.c,53,0,35,1,18,8,12,14,23,20,37,110,0.1,10,1100,0.04,61.11,2,1,1,1,0,2,0.11,1,1,0.5,0.04,0
pthread_attr_getschedparam.c,54,0,35,1,19,10,14,17,29,24,46,146,0.08,12.5,1825,0.05,101.39,2,1,2,1,0,2,0.11,1,2,1,0.04,0
pthread_attr_getschedpolicy.c,63,0,39,1,24,10,12,16,28,22,44,136,0.1,10,1360,0.05,75.56,4,2,1,2,0,3,0.13,1,1,0.33,0.05,0
pthread_attr_getscope.c,56,0,36,1,20,6,8,9,16,14,25,65,0.17,5.88,382.35,0.02,21.24,0,0,0,0,0,1,0.05,0,0,0,0.02,0
pthread_attr_getstackaddr.c,99,0,70,1,29,8,10,13,24,18,37,106,0.12,8.33,883.33,0.04,49.07,2,1,1,1,0,2,0.07,1,1,0.5,0.02,0
pthread_attr_getstacksize.c,102,0,72,1,30,9,10,14,23,19,37,108,0.13,7.69,830.77,0.04,46.15,2,1,1,1,0,2,0.07,1,1,0.5,0.02,0
pthread_attr_init.c,119,0,71,1,48,25,13,46,60,38,106,385,0.08,12.5,4812.5,0.13,267.36,4,2,2,2,0,3,0.06,1,2,0.67,0.03,0
pthread_attr_setdetachstate.c,93,0,69,1,24,9,11,18,27,20,45,134,0.09,11.11,1488.89,0.04,82.72,4,2,1,2,0,3,0.13,1,1,0.33,0.03,0
pthread_attr_setinheritsched.c,59,0,35,1,24,9,11,18,27,20,45,134,0.09,11.11,1488.89,0.04,82.72,4,2,1,2,0,3,0.13,1,1,0.33,0.05,0
pthread_attr_setschedparam.c,65,0,36,1,29,15,17,29,43,32,72,249,0.06,16.67,4150,0.08,230.56,4,2,4,2,0,3,0.1,1,4,1.33,0.05,0
pthread_attr_setschedpolicy.c,57,0,35,1,22,9,8,13,20,17,33,93,0.17,5.88,547.06,0.03,30.39,4,2,1,2,0,3,0.14,1,1,0.33,0.05,0
pthread_attr_setscope.c,64,0,36,1,28,10,11,15,24,21,39,118,0.12,8.33,983.33,0.04,54.63,6,3,0,3,1,2,0.07,1,0,0,0.03,0
pthread_attr_setstackaddr.c,99,0,73,1,26,8,10,14,22,18,36,104,0.11,9.09,945.45,0.03,52.53,2,1,1,1,0,2,0.08,1,1,0.5,0.02,0
pthread_attr_setstacksize.c,112,0,76,1,36,10,11,18,27,21,45,137,0.1,10,1370,0.05,76.11,4,2,1,2,0,3,0.08,1,1,0.33,0.03,0
pthread_barrierattr_destroy.c,85,0,60,1,25,9,9,20,27,18,47,135,0.1,10,1350,0.05,75,4,2,1,2,1,2,0.08,1,1,0.5,0.02,0
pthread_barrierattr_getpshared.c,97,0,73,1,24,8,11,19,32,19,51,150,0.08,12.5,1875,0.05,104.17,4,2,0,2,1,2,0.08,1,0,0,0.02,0
pthread_barrierattr_init.c,87,0,60,1,27,12,11,23,31,23,54,169,0.09,11.11,1877.78,0.06,104.32,4,2,1,2,1,2,0.07,1,1,0.5,0.02,0
pthread_barrierattr_setpshared.c,121,0,76,1,45,11,13,30,45,24,75,238,0.06,16.67,3966.67,0.08,220.37,8,4,0,4,2,3,0.07,1,0,0,0.02,0
pthread_barrier_destroy.c,105,0,53,1,52,22,14,56,87,36,143,512,0.06,16.67,8533.33,0.17,474.07,14,7,6,7,2,6,0.12,1,6,1,0.06,0
pthread_barrier_init.c,71,0,35,1,36,21,16,50,69,37,119,429,0.05,20,8580,0.14,476.67,8,4,3,3,0,5,0.14,1.33,3,0.6,0.07,0
pthread_barrier_wait.c,106,0,57,1,49,26,16,61,87,42,148,553,0.05,20,11060,0.18,614.44,12,6,7,5,1,6,0.12,1.2,7,1.17,0.06,0
pthread_cancel.c,191,0,82,1,109,57,17,137,162,74,299,1286,0.05,20,25720,0.43,1428.89,22,11,18,11,3,9,0.08,1,18,2,0.05,0
pthread_condattr_destroy.c,88,0,62,1,26,8,9,19,27,17,46,130,0.09,11.11,1444.44,0.04,80.25,4,2,1,2,1,2,0.08,1,1,0.5,0.02,0
pthread_condattr_getpshared.c,99,0,75,1,24,8,11,19,31,19,50,147,0.08,12.5,1837.5,0.05,102.08,4,2,0,2,1,2,0.08,1,0,0,0.02,0
pthread_condattr_init.c,89,0,65,1,24,10,10,20,26,20,46,137,0.1,10,1370,0.05,76.11,2,1,1,1,0,2,0.08,1,1,0.5,0.02,0
pthread_condattr_setpshared.c,119,0,77,1,42,11,13,30,44,24,74,235,0.06,16.67,3916.67,0.08,217.59,8,4,0,4,2,3,0.07,1,0,0,0.03,0
pthread_cond_destroy.c,255,0,145,1,110,35,15,128,197,50,325,1271,0.04,25,31775,0.42,1765.28,42,21,15,19,6,16,0.15,1.11,15,0.94,0.06,0
pthread_cond_init.c,169,0,72,1,97,40,15,113,159,55,272,1089,0.05,20,21780,0.36,1210,18,9,9,9,0,10,0.1,1,9,0.9,0.06,0
pthread_cond_signal.c,233,0,134,1,99,27,18,120,179,45,299,1138,0.03,33.33,37933.33,0.38,2107.41,32,16,9,16,4,13,0.13,1,9,0.69,0.06,0
pthread_cond_wait.c,569,0,417,1,152,44,20,176,273,64,449,1867,0.03,33.33,62233.33,0.62,3457.41,36,18,15,18,1,18,0.12,1,15,0.83,0.03,0
pthread_delay_np.c,174,0,90,1,84,42,19,92,125,61,217,892,0.05,20,17840,0.3,991.11,20,10,10,10,2,9,0.11,1,10,1.11,0.05,0
pthread_detach.c,138,0,77,1,61,31,14,65,84,45,149,567,0.07,14.29,8100,0.19,450,18,9,6,9,3,7,0.11,1,6,0.86,0.05,0
pthread_equal.c,78,0,62,1,16,7,9,17,18,16,35,97,0.09,11.11,1077.78,0.03,59.88,0,0,0,0,0,1,0.06,0,0,0,0.01,0
pthread_exit.c,108,0,71,1,37,16,10,23,33,26,56,182,0.14,7.14,1300,0.06,72.22,4,2,5,2,0,3,0.08,1,5,1.67,0.03,0
pthread_getconcurrency.c,47,0,35,1,12,2,4,2,5,6,7,12,0.5,2,24,0,1.33,0,0,0,0,0,1,0.08,0,0,0,0.02,0
pthread_getschedparam.c,77,0,47,1,30,16,15,29,42,31,71,243,0.07,14.29,3471.43,0.08,192.86,4,2,1,2,0,3,0.1,1,1,0.33,0.04,0
pthread_getspecific.c,89,0,57,1,32,12,9,22,29,21,51,155,0.12,8.33,1291.67,0.05,71.76,4,2,5,2,1,2,0.06,1,5,2.5,0.02,0
pthread_getunique_np.c,49,0,38,1,11,7,7,9,10,14,19,50,0.22,4.55,227.27,0.02,12.63,0,0,0,0,0,1,0.09,0,0,0,0.02,0
pthread_getw32threadhandle_np.c,67,0,50,1,17,9,7,22,22,16,44,121,0.12,8.33,1008.33,0.04,56.02,0,0,0,0,0,1,0.06,0,0,0,0.01,0
pthread_join.c,159,0,88,1,71,30,14,67,91,44,158,597,0.06,16.67,9950,0.2,552.78,24,12,6,12,5,8,0.11,1,6,0.75,0.05,0
pthread_key_create.c,110,0,72,1,38,17,12,39,56,29,95,319,0.07,14.29,4557.14,0.11,253.17,10,5,3,5,2,4,0.11,1,3,0.75,0.04,0
pthread_key_delete.c,127,0,76,1,51,21,16,64,94,37,158,570,0.04,25,14250,0.19,791.67,10,5,10,4,0,6,0.12,1.25,10,1.67,0.05,0
pthread_kill.c,107,0,70,1,37,20,15,39,46,35,85,302,0.07,14.29,4314.29,0.1,239.68,4,2,2,2,0,3,0.08,1,2,0.67,0.03,0
pthread_mutexattr_destroy.c,85,0,60,1,25,9,9,20,27,18,47,135,0.1,10,1350,0.05,75,4,2,1,2,1,2,0.08,1,1,0.5,0.02,0
pthread_mutexattr_getkind_np.c,46,0,35,1,11,5,6,8,10,11,18,43,0.21,4.76,204.76,0.01,11.38,0,0,1,0,0,1,0.09,0,1,1,0.02,0
pthread_mutexattr_getpshared.c,97,0,73,1,24,8,11,19,32,19,51,150,0.08,12.5,1875,0.05,104.17,4,2,0,2,1,2,0.08,1,0,0,0.02,0
pthread_mutexattr_getrobust.c,115,0,96,1,19,9,11,18,29,20,47,140,0.09,11.11,1555.56,0.05,86.42,2,1,0,1,0,2,0.11,1,0,0,0.02,0
pthread_mutexattr_gettype.c,58,0,35,1,23,8,11,18,29,19,47,138,0.08,12.5,1725,0.05,95.83,4,2,0,2,1,2,0.09,1,0,0,0.03,0
pthread_mutexattr_init.c,88,0,60,1,28,14,11,26,34,25,60,193,0.1,10,1930,0.06,107.22,4,2,1,2,1,2,0.07,1,1,0.5,0.02,0
pthread_mutexattr_setkind_np.c,46,0,35,1,11,5,6,8,9,11,17,40,0.21,4.76,190.48,0.01,10.58,0,0,1,0,0,1,0.09,0,1,1,0.02,0
pthread_mutexattr_setpshared.c,121,0,76,1,45,11,13,30,45,24,75,238,0.06,16.67,3966.67,0.08,220.37,8,4,0,4,2,3,0.07,1,0,0,0.02,0
pthread_mutexattr_setrobust.c,121,0,96,1,25,11,14,20,32,25,52,167,0.08,12.5,2087.5,0.06,115.97,6,3,0,3,1,2,0.08,1,0,0,0.02,0
pthread_mutexattr_settype.c,145,0,113,1,32,11,15,23,39,26,62,202,0.06,16.67,3366.67,0.07,187.04,12,6,0,6,2,4,0.13,1,0,0,0.03,0
pthread_mutex_consistent.c,159,0,51,2,108,39,19,162,199,58,361,1465,0.03,33.33,48833.33,0.49,2712.96,20,10,2,10,2,8,0.07,1,2,0.25,0.05,0
pthread_mutex_destroy.c,150,0,76,1,74,26,18,70,103,44,173,654,0.04,25,16350,0.22,908.33,26,13,7,12,5,9,0.12,1.08,7,0.78,0.06,0
pthread_mutex_init.c,132,0,52,1,80,36,16,102,137,52,239,944,0.04,25,23600,0.31,1311.11,18,9,4,9,2,8,0.1,1,4,0.5,0.06,0
pthread_mutex_lock.c,271,0,66,1,205,42,19,239,339,61,578,2376,0.02,50,118800,0.79,6600,76,38,27,34,10,29,0.14,1.12,27,0.93,0.11,0
pthread_mutex_timedlock.c,326,0,89,1,237,53,20,273,380,73,653,2801,0.02,50,140050,0.93,7780.56,90,45,30,41,15,31,0.13,1.1,30,0.97,0.1,0
pthread_mutex_trylock.c,156,0,51,1,105,33,16,112,159,49,271,1054,0.04,25,26350,0.35,1463.89,36,18,13,18,6,13,0.12,1,13,1,0.08,0
pthread_mutex_unlock.c,177,0,59,1,118,37,18,137,187,55,324,1298,0.03,33.33,43266.67,0.43,2403.7,48,24,15,24,6,19,0.16,1,15,0.79,0.11,0
pthread_num_processors_np.c,58,0,40,1,18,5,8,8,15,13,23,58,0.16,6.25,362.5,0.02,20.14,2,1,1,1,0,2,0.11,1,1,0.5,0.03,0
pthread_once.c,81,0,37,1,44,22,13,41,60,35,101,359,0.08,12.5,4487.5,0.12,249.31,6,3,5,3,0,4,0.09,1,5,1.25,0.05,0
pthread_rwlockattr_destroy.c,86,0,60,1,26,9,9,20,27,18,47,135,0.1,10,1350,0.05,75,4,2,1,2,1,2,0.08,1,1,0.5,0.02,0
pthread_rwlockattr_getpshared.c,99,0,73,1,26,8,11,19,32,19,51,150,0.08,12.5,1875,0.05,104.17,4,2,0,2,1,2,0.08,1,0,0,0.02,0
pthread_rwlockattr_init.c,85,0,57,1,28,12,11,23,31,23,54,169,0.09,11.11,1877.78,0.06,104.32,4,2,1,2,1,2,0.07,1,1,0.5,0.02,0
pthread_rwlockattr_setpshared.c,122,0,76,1,46,11,13,30,45,24,75,238,0.06,16.67,3966.67,0.08,220.37,8,4,0,4,2,3,0.07,1,0,0,0.02,0
pthread_rwlock_destroy.c,145,0,56,1,89,30,15,111,175,45,286,1088,0.04,25,27200,0.36,1511.11,28,14,14,12,3,12,0.13,1.17,14,1.17,0.08,0
pthread_rwlock_init.c,111,0,36,1,75,29,15,86,116,44,202,764,0.04,25,19100,0.25,1061.11,12,6,7,6,0,7,0.09,1,7,1,0.06,0
pthread_rwlock_rdlock.c,104,0,41,1,63,20,15,65,109,35,174,618,0.04,25,15450,0.21,858.33,16,8,7,8,0,9,0.14,1,7,0.78,0.09,0
pthread_rwlock_timedrdlock.c,111,0,41,1,70,23,17,73,121,40,194,715,0.04,25,17875,0.24,993.06,18,9,7,9,0,10,0.14,1,7,0.7,0.09,0
pthread_rwlock_timedwrlock.c,141,0,45,1,96,28,22,97,148,50,245,958,0.03,33.33,31933.33,0.32,1774.07,26,13,7,11,0,14,0.15,1.18,7,0.5,0.1,0
pthread_rwlock_tryrdlock.c,104,0,41,1,63,21,15,65,108,36,173,619,0.04,25,15475,0.21,859.72,16,8,7,8,0,9,0.14,1,7,0.78,0.09,0
pthread_rwlock_trywrlock.c,124,0,41,1,83,22,17,86,137,39,223,816,0.03,33.33,27200,0.27,1511.11,28,14,7,13,2,13,0.16,1.08,7,0.54,0.1,0
pthread_rwlock_unlock.c,95,0,38,1,57,20,16,56,91,36,147,526,0.04,25,13150,0.18,730.56,16,8,5,7,1,8,0.14,1.14,5,0.63,0.08,0
pthread_rwlock_wrlock.c,135,0,45,1,90,26,21,92,142,47,234,900,0.03,33.33,30000,0.3,1666.67,26,13,7,11,0,14,0.16,1.18,7,0.5,0.1,0
pthread_self.c,143,0,87,1,56,29,13,64,88,42,152,568,0.07,14.29,8114.29,0.19,450.79,10,5,11,5,1,5,0.09,1,11,2.2,0.03,0
pthread_setcancelstate.c,127,0,81,1,46,29,15,60,77,44,137,518,0.06,16.67,8633.33,0.17,479.63,6,3,7,3,0,4,0.09,1,7,1.75,0.03,0
pthread_setcanceltype.c,128,0,81,1,47,31,15,60,77,46,137,524,0.07,14.29,7485.71,0.17,415.87,6,3,7,3,0,4,0.09,1,7,1.75,0.03,0
pthread_setconcurrency.c,55,0,35,1,20,5,7,8,14,12,22,54,0.18,5.56,300,0.02,16.67,4,2,0,2,1,2,0.1,1,0,0,0.04,0
pthread_setschedparam.c,125,0,46,1,79,33,18,82,106,51,188,739,0.04,25,18475,0.25,1026.39,18,9,7,9,2,8,0.1,1,7,0.88,0.06,0
pthread_setspecific.c,169,0,87,1,82,31,17,96,139,48,235,909,0.04,25,22725,0.3,1262.5,26,13,8,12,2,12,0.15,1.08,8,0.67,0.07,0
pthread_spin_destroy.c,113,0,55,1,58,26,14,56,84,40,140,516,0.07,14.29,7371.43,0.17,409.52,18,9,5,9,3,7,0.12,1,5,0.71,0.06,0
pthread_spin_init.c,125,0,42,1,83,27,15,73,109,42,182,680,0.05,20,13600,0.23,755.56,22,11,6,11,2,10,0.12,1,6,0.6,0.08,0
pthread_spin_lock.c,82,0,35,1,47,20,15,43,68,35,111,394,0.06,16.67,6566.67,0.13,364.82,14,7,3,6,1,7,0.15,1.17,3,0.43,0.09,0
pthread_spin_trylock.c,79,0,35,1,44,21,16,39,62,37,101,364,0.07,14.29,5200,0.12,288.89,12,6,3,6,1,5,0.11,1,3,0.6,0.06,0
pthread_spin_unlock.c,73,0,35,1,38,19,15,33,50,34,83,292,0.08,12.5,3650,0.1,202.78,10,5,2,5,1,4,0.11,1,2,0.5,0.05,0
pthread_testcancel.c,105,0,69,1,36,21,13,38,54,34,92,324,0.09,11.11,3600,0.11,200,6,3,6,3,0,4,0.11,1,6,1.5,0.04,0
pthread_timechange_handler_np.c,110,0,82,1,28,17,14,30,40,31,70,240,0.08,12.5,3000,0.08,166.67,4,2,3,0,0,3,0.11,0,3,1,0.03,0
pthread_win32_attach_detach_np.c,260,0,75,1,185,75,22,218,294,97,512,2342,0.03,33.33,78066.67,0.78,4337.04,34,17,41,16,1,17,0.09,1.06,41,2.41,0.07,0
ptw32_calloc.c,58,0,35,1,23,10,9,21,24,19,45,132,0.11,9.09,1200,0.04,66.67,2,1,2,1,0,2,0.09,1,2,1,0.03,0
ptw32_callUserDestroyRoutines.c,234,0,123,1,111,37,19,105,151,56,256,1030,0.04,25,25750,0.34,1430.56,16,8,18,6,2,7,0.06,1.33,18,2.57,0.03,0
ptw32_cond_check_need_init.c,80,0,52,1,28,15,10,27,34,25,61,196,0.11,9.09,1781.82,0.07,98.99,6,3,3,3,1,3,0.11,1,3,1,0.04,0
ptw32_getprocessors.c,93,0,49,1,44,13,13,32,46,26,78,254,0.06,16.67,4233.33,0.08,235.19,8,4,2,3,1,4,0.09,1.33,2,0.5,0.04,0
ptw32_is_attr.c,49,0,36,1,13,6,9,10,16,15,26,70,0.13,7.69,538.46,0.02,29.91,0,0,0,0,0,1,0.08,0,0,0,0.02,0
ptw32_MCS_lock.c,280,0,150,1,130,40,14,217,234,54,451,1799,0.03,33.33,59966.67,0.6,3331.48,18,9,18,7,0,10,0.08,1.29,18,1.8,0.04,0
ptw32_mutex_check_need_init.c,94,0,48,1,46,27,11,59,73,38,132,480,0.08,12.5,6000,0.16,333.33,14,7,5,7,3,5,0.11,1,5,1,0.05,0
ptw32_new.c,96,0,43,1,53,33,14,83,100,47,183,704,0.06,16.67,11733.33,0.23,651.85,8,4,4,4,1,4,0.08,1,4,1,0.04,0
ptw32_OLL_lock.c,736,0,185,1,551,129,26,872,1060,155,1932,9743,0.01,100,974300,3.25,54127.78,114,57,35,38,9,49,0.09,1.5,35,0.71,0.07,0
ptw32_processInitialize.c,94,0,68,1,26,9,10,15,29,19,44,129,0.12,8.33,1075,0.04,59.72,4,2,3,2,0,3,0.12,1,3,1,0.03,0
ptw32_processTerminate.c,107,0,63,1,44,19,11,37,50,30,87,295,0.09,11.11,3277.78,0.1,182.1,8,4,5,3,0,5,0.11,1.33,5,1,0.05,0
ptw32_relmillisecs.c,134,0,52,1,82,33,19,88,100,52,188,742,0.04,25,18550,0.25,1030.56,6,3,6,3,1,3,0.04,1,6,2,0.02,0
ptw32_reuse.c,153,0,76,1,77,25,16,85,99,41,184,683,0.04,25,17075,0.23,948.61,8,4,5,4,1,4,0.05,1,5,1.25,0.03,0
ptw32_rwlock_cancelwrwait.c,52,0,35,1,17,10,8,19,27,18,46,132,0.13,7.69,1015.38,0.04,56.41,0,0,2,0,0,1,0.06,0,2,2,0.02,0
ptw32_rwlock_check_need_init.c,79,0,52,1,27,15,10,27,34,25,61,196,0.11,9.09,1781.82,0.07,98.99,6,3,3,3,1,3,0.11,1,3,1,0.04,0
ptw32_semwait.c,137,0,62,1,75,20,15,71,112,35,183,650,0.04,25,16250,0.22,902.78,22,11,8,11,2,10,0.13,1,8,0.8,0.07,0
ptw32_spinlock_check_need_init.c,80,0,52,1,28,16,10,27,35,26,62,202,0.12,8.33,1683.33,0.07,93.52,6,3,3,3,1,3,0.11,1,3,1,0.04,0
ptw32_threadDestroy.c,81,0,48,1,33,14,11,31,39,25,70,225,0.08,12.5,2812.5,0.08,156.25,6,3,4,3,0,4,0.12,1,4,1,0.05,0
ptw32_threadStart.c,359,0,102,1,257,76,25,246,319,101,565,2607,0.02,50,130350,0.87,7241.67,30,15,31,13,4,9,0.04,1.15,31,3.44,0.03,0
ptw32_throw.c,191,0,61,1,130,37,18,88,116,55,204,817,0.05,20,16340,0.27,907.78,16,8,12,7,2,5,0.04,1.14,12,2.4,0.03,0
ptw32_timespec.c,85,0,55,1,30,14,11,43,57,25,100,321,0.06,16.67,5350,0.11,297.22,0,0,0,0,0,1,0.03,0,0,0,0.01,0
ptw32_tkAssocCreate.c,120,0,80,1,40,19,12,59,77,31,136,467,0.05,20,9340,0.16,518.89,6,3,1,3,0,4,0.1,1,1,0.25,0.03,0
ptw32_tkAssocDestroy.c,116,0,62,1,54,16,10,67,84,26,151,491,0.05,20,9820,0.16,545.56,16,8,1,8,0,9,0.17,1,1,0.11,0.08,0
pulse-input.c,597,41,86,1,470,251,33,879,1052,284,1931,10908,0.02,50,545400,3.64,30300,104,52,111,52,5,45,0.1,1,111,2.47,0.08,0
pulse-wrapper.c,272,35,32,1,205,86,16,289,391,102,680,3144,0.04,25,78600,1.05,4366.67,38,19,78,14,0,20,0.1,1.36,78,3.9,0.07,0
pulseaudio-enum-devices.c,35,6,0,0,29,30,14,63,76,44,139,526,0.07,14.29,7514.29,0.18,417.46,4,2,8,2,0,3,0.1,1,8,2.67,0.09,0
pulseaudio-output.c,554,107,2,0,445,264,35,977,1203,299,2180,12426,0.02,50,621300,4.14,34516.67,130,65,114,61,7,55,0.12,1.07,114,2.07,0.1,0
pulseaudio-wrapper.c,344,42,33,1,269,129,22,423,560,151,983,4931,0.03,33.33,164366.67,1.64,9131.48,44,22,106,18,0,23,0.09,1.22,106,4.61,0.07,0
quat.c,224,28,17,1,179,99,23,590,693,122,1283,6163,0.01,100,616300,2.05,34238.89,28,14,60,12,4,11,0.06,1.17,60,5.45,0.05,0
reuse1.c,126,0,75,1,51,26,16,93,120,42,213,796,0.03,33.33,26533.33,0.27,1474.07,2,1,19,0,0,2,0.04,0,19,9.5,0.02,0
reuse2.c,170,0,85,1,85,40,20,140,179,60,319,1306,0.03,33.33,43533.33,0.44,2418.52,26,13,16,7,0,14,0.16,1.86,16,1.14,0.08,0
robust1.c,143,0,57,1,86,33,10,243,290,43,533,2004,0.03,33.33,66800,0.67,3711.11,0,0,86,0,0,1,0.01,0,86,86,0.01,0
robust2.c,145,0,58,1,87,35,10,237,280,45,517,1968,0.03,33.33,65600,0.66,3644.44,0,0,83,0,0,1,0.01,0,83,83,0.01,0
robust3.c,151,0,59,1,92,35,10,257,305,45,562,2139,0.03,33.33,71300,0.71,3961.11,0,0,93,0,0,1,0.01,0,93,93,0.01,0
robust4.c,201,0,53,1,148,36,11,523,632,47,1155,4446,0.01,100,444600,1.48,24700,0,0,167,0,0,1,0.01,0,167,167,0,0
robust5.c,122,0,54,1,68,31,11,173,217,42,390,1457,0.03,33.33,48566.67,0.49,2698.15,0,0,57,0,0,1,0.01,0,57,57,0.01,0
rtmp-common.c,610,122,2,0,486,227,24,1065,1348,251,2413,13332,0.02,50,666600,4.44,37033.33,126,63,193,62,0,64,0.13,1.02,193,3.02,0.1,0
rtmp-custom.c,122,20,0,0,102,68,13,220,283,81,503,2210,0.05,20,44200,0.74,2455.56,4,2,38,2,0,3,0.03,1,38,12.67,0.02,0
rtmp-services-main.c,115,24,0,0,91,75,17,136,181,92,317,1433,0.06,16.67,23883.33,0.48,1326.85,12,6,28,6,0,7,0.08,1,28,4,0.06,0
rtmp-stream.c,1243,216,24,1,1003,508,38,2191,2843,546,5034,31727,0.01,100,3172700,10.58,176261.11,322,161,341,139,20,139,0.14,1.16,341,2.45,0.11,0
rtmp-windows.c,355,52,12,0,291,142,34,525,673,176,1198,6194,0.02,50,309700,2.06,17205.56,100,50,62,46,11,39,0.13,1.09,62,1.59,0.11,0
rtmp.c,5530,514,358,1,4658,1249,51,10905,13356,1300,24261,173954,0,0,0,57.98,0,1418,709,965,636,111,591,0.13,1.11,965,1.63,0.11,0
rwlock.c,53,0,35,1,18,0,0,0,0,0,0,0,0,0,0,0,0,0,0,0,0,0,1,0.06,0,0,0,0.02,0
rwlock1.c,63,0,41,1,22,8,9,25,28,17,53,150,0.07,14.29,2142.86,0.05,119.05,0,0,7,0,0,1,0.05,0,7,7,0.02,0
rwlock2.c,68,0,42,1,26,10,8,31,35,18,66,190,0.08,12.5,2375,0.06,131.94,0,0,10,0,0,1,0.04,0,10,10,0.01,0
rwlock2_t.c,80,0,42,1,38,23,13,55,61,36,116,415,0.06,16.67,6916.67,0.14,384.26,0,0,11,0,0,1,0.03,0,11,11,0.01,0
rwlock3.c,80,0,45,1,35,19,9,43,51,28,94,313,0.1,10,3130,0.1,173.89,0,0,11,0,0,1,0.03,0,11,11,0.01,0
rwlock3_t.c,89,0,43,1,46,32,12,64,74,44,138,522,0.08,12.5,6525,0.17,362.5,0,0,11,0,0,1,0.02,0,11,11,0.01,0
rwlock4.c,80,0,45,1,35,19,9,43,51,28,94,313,0.1,10,3130,0.1,173.89,0,0,11,0,0,1,0.03,0,11,11,0.01,0
rwlock4_t.c,89,0,43,1,46,32,12,64,74,44,138,522,0.08,12.5,6525,0.17,362.5,0,0,11,0,0,1,0.02,0,11,11,0.01,0
rwlock5.c,82,0,45,1,37,18,9,47,56,27,103,339,0.09,11.11,3766.67,0.11,209.26,0,0,13,0,0,1,0.03,0,13,13,0.01,0
rwlock5_t.c,91,0,43,1,48,31,12,68,79,43,147,552,0.08,12.5,6900,0.18,383.33,0,0,13,0,0,1,0.02,0,13,13,0.01,0
rwlock6.c,103,0,42,1,61,30,10,108,143,40,251,925,0.06,16.67,15416.67,0.31,856.48,0,0,26,0,0,1,0.02,0,26,26,0.01,0
rwlock6_t.c,128,0,42,1,86,49,13,170,224,62,394,1626,0.04,25,40650,0.54,2258.33,6,3,35,3,1,3,0.03,1,35,11.67,0.02,0
rwlock6_t2.c,121,0,42,1,79,46,13,142,198,59,340,1386,0.05,20,27720,0.46,1540,6,3,26,3,1,3,0.04,1,26,8.67,0.02,0
rwlock7.c,201,5,38,1,158,64,24,298,364,88,662,2963,0.02,50,148150,0.99,8230.56,24,12,34,5,1,12,0.08,2.4,34,2.83,0.06,0
rwlock8.c,207,3,41,1,163,65,24,300,368,89,668,2998,0.02,50,149900,1,8327.78,24,12,36,5,1,12,0.07,2.4,36,3,0.06,0
scale-filter.c,431,77,7,0,347,194,32,702,881,226,1583,8580,0.02,50,429000,2.86,23833.33,108,54,68,50,18,36,0.1,1.08,68,1.89,0.08,0
scc.c,115,16,28,1,71,47,23,188,254,70,442,1877,0.02,50,93850,0.63,5213.89,18,9,12,7,0,10,0.14,1.29,12,1.2,0.09,0
sched.c,55,0,35,1,20,0,0,0,0,0,0,0,0,0,0,0,0,0,0,0,0,0,1,0.05,0,0,0,0.02,0
sched_getscheduler.c,73,0,40,1,33,22,11,29,39,33,68,237,0.14,7.14,1692.86,0.08,94.05,10,5,4,4,1,5,0.15,1.25,4,0.8,0.07,0
sched_get_priority_max.c,136,0,112,1,24,10,10,15,21,20,36,107,0.13,7.69,823.08,0.04,45.73,2,1,2,1,0,2,0.08,1,2,1,0.01,0
sched_get_priority_min.c,137,0,113,1,24,10,10,15,21,20,36,107,0.13,7.69,823.08,0.04,45.73,2,1,2,1,0,2,0.08,1,2,1,0.01,0
sched_setscheduler.c,85,0,46,1,39,24,11,35,48,35,83,295,0.12,8.33,2458.33,0.1,136.57,12,6,4,5,1,6,0.15,1.2,4,0.67,0.07,0
sched_yield.c,73,0,59,1,14,3,4,4,7,7,11,21,0.38,2.63,55.26,0.01,3.07,0,0,1,0,0,1,0.07,0,1,1,0.01,0
scroll-filter.c,243,48,0,0,195,142,21,502,564,163,1066,5429,0.03,33.33,180966.67,1.81,10053.7,24,12,69,8,1,12,0.06,1.5,69,5.75,0.05,0
self1.c,71,0,48,1,23,12,10,14,20,22,34,105,0.17,5.88,617.65,0.04,34.31,0,0,4,0,0,1,0.04,0,4,4,0.01,0
self2.c,75,0,46,1,29,13,10,24,32,23,56,175,0.11,9.09,1590.91,0.06,88.38,0,0,6,0,0,1,0.03,0,6,6,0.01,0
semaphore.c,71,0,46,1,25,0,0,0,0,0,0,0,0,0,0,0,0,0,0,0,0,0,1,0.04,0,0,0,0.01,0
semaphore1.c,152,0,72,1,80,32,12,119,155,44,274,1036,0.04,25,25900,0.35,1438.89,12,6,33,6,2,5,0.06,1,33,6.6,0.03,0
semaphore2.c,110,0,75,1,35,14,14,56,73,28,129,429,0.04,25,10725,0.14,595.83,4,2,15,0,0,3,0.09,0,15,5,0.03,0
semaphore3.c,123,0,75,1,48,23,19,80,108,42,188,702,0.03,33.33,23400,0.23,1300,6,3,21,0,0,4,0.08,0,21,5.25,0.03,0
semaphore4.c,134,0,73,1,61,26,20,118,158,46,276,1056,0.02,50,52800,0.35,2933.33,10,5,30,1,0,6,0.1,5,30,5,0.04,0
semaphore4t.c,131,0,73,1,58,25,20,118,154,45,272,1035,0.02,50,51750,0.35,2875,10,5,30,1,0,6,0.1,5,30,5,0.05,0
semaphore5.c,105,0,73,1,32,17,8,40,53,25,93,299,0.11,9.09,2718.18,0.1,151.01,0,0,12,0,0,1,0.03,0,12,12,0.01,0
sem_close.c,60,0,44,1,16,6,6,7,8,12,15,37,0.29,3.45,127.59,0.01,7.09,0,0,0,0,0,1,0.06,0,0,0,0.02,0
sem_destroy.c,146,0,81,1,65,20,15,60,90,35,150,533,0.04,25,13325,0.18,740.28,18,9,8,8,3,7,0.11,1.13,8,1.14,0.05,0
sem_getvalue.c,112,0,73,1,39,15,12,42,62,27,104,342,0.06,16.67,5700,0.11,316.67,8,4,3,4,1,4,0.1,1,3,0.75,0.04,0
sem_init.c,171,0,87,1,84,26,14,83,117,40,200,737,0.04,25,18425,0.25,1023.61,26,13,8,13,5,9,0.11,1,8,0.89,0.05,0
sem_open.c,60,0,44,1,16,9,7,9,11,16,20,55,0.29,3.45,189.66,0.02,10.54,0,0,0,0,0,1,0.06,0,0,0,0.02,0
sem_post.c,130,0,69,1,61,19,18,62,93,37,155,559,0.03,33.33,18633.33,0.19,1035.19,18,9,5,9,2,8,0.13,1,5,0.63,0.06,0
sem_post_multiple.c,144,0,73,1,71,22,20,80,113,42,193,721,0.03,33.33,24033.33,0.24,1335.19,26,13,5,12,3,11,0.15,1.08,5,0.45,0.08,0
sem_timedwait.c,240,0,100,1,140,37,20,135,195,57,330,1334,0.03,33.33,44466.67,0.44,2470.37,30,15,15,15,3,13,0.09,1,15,1.15,0.05,0
sem_trywait.c,119,0,72,1,47,15,13,42,64,28,106,353,0.05,20,7060,0.12,392.22,14,7,3,7,2,6,0.13,1,3,0.5,0.05,0
sem_unlink.c,60,0,44,1,16,5,6,5,8,11,13,31,0.33,3.03,93.94,0.01,5.22,0,0,0,0,0,1,0.06,0,0,0,0.02,0
sem_wait.c,189,0,86,1,103,25,18,105,160,43,265,996,0.03,33.33,33200,0.33,1844.44,24,12,14,12,1,12,0.12,1,14,1.17,0.06,0
sequence1.c,144,0,84,1,60,31,19,88,120,50,208,813,0.04,25,20325,0.27,1129.17,10,5,17,1,0,6,0.1,5,17,2.83,0.04,0
sha256.c,203,40,34,1,129,134,26,338,361,160,699,3547,0.03,33.33,118233.33,1.18,6568.52,18,9,31,3,0,10,0.08,3,31,3.1,0.05,0
shader-parser.c,728,145,37,1,546,265,34,1369,1952,299,3321,18931,0.01,100,1893100,6.31,105172.22,392,196,156,188,44,152,0.28,1.04,156,1.03,0.21,0
sharpness-filter.c,128,28,0,0,100,76,13,199,255,89,454,2037,0.06,16.67,33950,0.68,1886.11,8,4,32,4,0,5,0.05,1,32,6.4,0.04,0
signal.c,421,71,17,1,333,109,28,734,948,137,1682,8275,0.01,100,827500,2.76,45972.22,102,51,78,44,5,47,0.14,1.16,78,1.66,0.11,0
simple_coder.c,280,45,61,1,174,80,26,508,552,106,1060,4943,0.01,100,494300,1.65,27461.11,58,29,25,29,6,24,0.14,1,25,1.04,0.09,0
simple_decoder.c,43,8,12,1,23,21,12,36,47,33,83,290,0.1,10,2900,0.1,161.11,10,5,0,5,1,5,0.22,1,0,0,0.12,0
simple_encoder.c,41,8,13,1,20,16,12,36,41,28,77,256,0.07,14.29,3657.14,0.09,203.17,4,2,0,1,0,3,0.15,2,0,0,0.07,0
simple_parse.c,205,0,37,1,168,83,23,312,365,106,677,3157,0.02,50,157850,1.05,8769.44,34,17,53,13,2,15,0.09,1.31,53,3.53,0.07,0
sizes.c,34,3,0,0,31,42,7,80,153,49,233,906,0.15,6.67,6040,0.3,335.56,0,0,21,0,0,1,0.03,0,21,21,0.03,0
sparc.c,84,17,12,1,55,45,23,160,180,68,340,1434,0.02,50,71700,0.48,3983.33,8,4,2,3,1,4,0.07,1.33,2,0.5,0.05,0
spin.c,48,0,35,1,13,0,0,0,0,0,0,0,0,0,0,0,0,0,0,0,0,0,1,0.08,0,0,0,0.02,0
spin1.c,61,0,39,1,22,11,7,27,33,18,60,173,0.12,8.33,1441.67,0.06,80.09,0,0,10,0,0,1,0.05,0,10,10,0.02,0
spin2.c,77,0,39,1,38,21,9,52,62,30,114,387,0.09,11.11,4300,0.13,238.89,0,0,15,0,0,1,0.03,0,15,15,0.01,0
spin3.c,78,0,43,1,35,21,10,55,71,31,126,432,0.08,12.5,5400,0.14,300,0,0,15,0,0,1,0.03,0,15,15,0.01,0
spin4.c,105,0,38,1,67,33,13,92,118,46,210,804,0.06,16.67,13400,0.27,744.44,6,3,26,1,0,4,0.06,3,26,6.5,0.04,0
srt.c,61,6,23,1,32,34,12,77,91,46,168,643,0.07,14.29,9185.71,0.21,510.32,2,1,7,0,0,2,0.06,0,7,3.5,0.03,0
strbuffer.c,113,16,8,1,89,32,20,169,195,52,364,1438,0.02,50,71900,0.48,3994.44,14,7,8,7,1,7,0.08,1,8,1.14,0.06,0
strconv.c,147,17,18,0,112,41,23,154,215,64,369,1534,0.02,50,76700,0.51,4261.11,28,14,13,13,0,15,0.13,1.08,13,0.87,0.1,0
stream_buffer_decoder.c,94,13,32,1,49,40,15,108,133,55,241,965,0.05,20,19300,0.32,1072.22,20,10,0,10,3,8,0.16,1,0,0,0.09,0
stream_buffer_encoder.c,143,30,41,1,72,55,22,163,207,77,370,1607,0.03,33.33,53566.67,0.54,2975.93,36,18,4,18,0,19,0.26,1,4,0.21,0.13,0
stream_decoder.c,453,97,109,1,247,130,32,574,665,162,1239,6303,0.01,100,630300,2.1,35016.67,90,45,30,39,3,42,0.17,1.15,30,0.71,0.09,0
stream_encoder.c,333,61,68,1,204,109,30,529,592,139,1121,5531,0.01,100,553100,1.84,30727.78,60,30,31,26,3,27,0.13,1.15,31,1.15,0.08,0
stream_flags_common.c,50,10,14,1,26,29,15,57,75,44,132,499,0.07,14.29,7128.57,0.17,396.03,12,6,0,6,0,7,0.27,1,0,0,0.14,0
stream_flags_decoder.c,85,17,24,1,44,35,15,105,139,50,244,954,0.04,25,23850,0.32,1325,14,7,0,7,0,8,0.18,1,0,0,0.09,0
stream_flags_encoder.c,89,23,18,1,48,35,18,109,137,53,246,976,0.04,25,24400,0.33,1355.56,12,6,0,6,0,7,0.15,1,0,0,0.08,0
stress1.c,280,0,102,1,178,75,29,271,365,104,636,2953,0.02,50,147650,0.98,8202.78,28,14,48,11,3,12,0.07,1.27,48,4,0.04,0
sync-async-source.c,145,29,1,0,115,97,29,242,316,126,558,2698,0.03,33.33,89933.33,0.9,4996.3,24,12,25,6,1,12,0.1,2,25,2.08,0.08,0
sync-audio-buffering.c,202,37,11,0,154,125,30,324,408,155,732,3691,0.03,33.33,123033.33,1.23,6835.19,28,14,34,9,0,15,0.1,1.56,34,2.27,0.07,0
sync-pair-aud.c,139,27,2,0,110,99,29,231,279,128,510,2474,0.03,33.33,82466.67,0.82,4581.48,22,11,25,9,1,11,0.1,1.22,25,2.27,0.08,0
sync-pair-vid.c,134,23,0,0,111,83,25,269,316,108,585,2739,0.02,50,136950,0.91,7608.33,20,10,30,6,0,11,0.1,1.67,30,2.73,0.08,0
sync.c,45,0,36,1,9,0,0,0,0,0,0,0,0,0,0,0,0,0,0,0,0,0,1,0.11,0,0,0,0.02,0
test-filter.c,74,17,0,0,57,43,13,95,137,56,232,933,0.07,14.29,13328.57,0.31,740.48,6,3,16,3,0,4,0.07,1,16,4,0.05,0
test-input.c,25,3,0,0,22,13,6,36,44,19,80,235,0.12,8.33,1958.33,0.08,108.8,0,0,7,0,0,1,0.05,0,7,7,0.04,0
test-random.c,109,20,2,0,87,73,25,170,232,98,402,1843,0.03,33.33,61433.33,0.61,3412.96,14,7,20,4,0,8,0.09,1.75,20,2.5,0.07,0
test-sinewave.c,113,22,2,0,89,79,27,169,215,106,384,1790,0.03,33.33,59666.67,0.6,3314.82,16,8,16,6,0,9,0.1,1.33,16,1.78,0.08,0
test_array.c,434,108,11,1,315,107,16,731,937,123,1668,8026,0.02,50,401300,2.68,22294.44,196,98,234,87,0,99,0.31,1.13,234,2.36,0.23,0
test_copy.c,336,47,18,1,271,103,17,549,697,120,1246,5965,0.02,50,298250,1.99,16569.44,128,64,160,60,0,65,0.24,1.07,160,2.46,0.19,0
test_dump.c,226,42,18,1,166,88,12,362,439,100,801,3688,0.04,25,92200,1.23,5122.22,44,22,122,22,0,23,0.14,1,122,5.3,0.1,0
test_dump_callback.c,83,6,6,1,71,36,20,132,162,56,294,1183,0.03,33.33,39433.33,0.39,2190.74,14,7,29,7,0,8,0.11,1,29,3.63,0.1,0
test_equal.c,191,30,11,1,150,75,9,320,386,84,706,3128,0.05,20,62560,1.04,3475.56,56,28,117,28,0,29,0.19,1,117,4.03,0.15,0
test_load.c,218,38,11,1,169,110,15,350,433,125,783,3780,0.04,25,94500,1.26,5250,52,26,84,26,0,27,0.16,1,84,3.11,0.12,0
test_loadb.c,38,0,6,1,32,24,13,48,60,37,108,389,0.08,12.5,4862.5,0.13,270.14,8,4,11,4,0,5,0.16,1,11,2.2,0.13,0
test_load_callback.c,77,6,6,1,65,36,19,124,153,55,277,1110,0.03,33.33,37000,0.37,2055.56,18,9,18,9,1,9,0.14,1,18,2,0.12,0
test_memory_funcs.c,132,23,8,1,101,58,21,159,205,79,364,1590,0.03,33.33,53000,0.53,2944.44,8,4,26,3,0,5,0.05,1.33,26,5.2,0.04,0
test_number.c,92,12,10,1,70,34,9,100,119,43,219,823,0.08,12.5,10287.5,0.27,571.53,24,12,31,12,0,13,0.19,1,31,2.38,0.14,0
test_object.c,557,134,23,1,400,182,15,1002,1213,197,2215,11702,0.02,50,585100,3.9,32505.56,212,106,330,105,0,107,0.27,1.01,330,3.08,0.19,0
test_pack.c,357,42,57,1,258,172,16,819,948,188,1767,9252,0.03,33.33,308400,3.08,17133.33,152,76,246,75,0,77,0.3,1.01,246,3.19,0.22,0
test_simple.c,242,41,11,1,190,104,10,415,505,114,920,4357,0.05,20,87140,1.45,4841.11,134,67,160,67,0,68,0.36,1,160,2.35,0.28,0
test_unpack.c,408,52,50,1,306,183,14,1062,1259,197,2321,12262,0.02,50,613100,4.09,34061.11,126,63,247,63,0,64,0.21,1,247,3.86,0.16,0
text-freetype2.c,495,88,22,1,385,219,26,846,1033,245,1879,10336,0.02,50,516800,3.45,28711.11,120,60,135,59,6,55,0.14,1.02,135,2.45,0.11,0
text-functionality.c,512,87,22,1,403,188,36,1120,1299,224,2419,13090,0.01,100,1309000,4.36,72722.22,142,71,101,59,4,68,0.17,1.2,101,1.49,0.13,0
text-lookup.c,419,71,21,1,327,116,33,640,933,149,1573,7871,0.01,100,787100,2.62,43727.78,120,60,63,51,10,51,0.16,1.18,63,1.24,0.12,0
texture-render.c,144,15,20,1,109,49,16,201,247,65,448,1870,0.03,33.33,62333.33,0.62,3462.96,26,13,22,12,0,14,0.13,1.08,22,1.57,0.1,0
threading-posix.c,266,30,15,1,221,90,25,369,497,115,866,4109,0.02,50,205450,1.37,11413.89,50,25,48,23,1,25,0.11,1.09,48,1.92,0.09,0
threading-windows.c,194,21,16,1,157,63,16,201,258,79,459,2005,0.04,25,50125,0.67,2784.72,42,21,16,19,2,20,0.13,1.11,16,0.8,0.1,0
transition-cut.c,69,11,0,0,58,52,12,107,142,64,249,1035,0.08,12.5,12937.5,0.35,718.75,0,0,11,0,0,1,0.02,0,11,11,0.01,0
transition-fade-to-color.c,180,39,0,0,141,120,22,357,406,142,763,3781,0.03,33.33,126033.33,1.26,7001.85,14,7,38,4,1,7,0.05,1.75,38,5.43,0.04,0
transition-fade.c,102,17,0,0,85,78,15,182,225,93,407,1844,0.06,16.67,30733.33,0.61,1707.41,4,2,24,1,0,3,0.04,2,24,8,0.03,0
transition-luma-wipe.c,215,50,0,0,165,146,18,382,457,164,839,4278,0.04,25,106950,1.43,5941.67,6,3,67,1,0,4,0.02,3,67,16.75,0.02,0
transition-slide.c,167,34,1,0,132,115,17,321,376,132,697,3403,0.04,25,85075,1.13,4726.39,16,8,47,7,3,6,0.05,1.14,47,7.83,0.04,0
transition-stinger.c,372,74,1,0,297,203,36,688,832,239,1520,8324,0.02,50,416200,2.77,23122.22,58,29,83,24,5,24,0.08,1.21,83,3.46,0.06,0
transition-swipe.c,162,30,1,0,131,117,18,327,380,135,707,3468,0.04,25,86700,1.16,4816.67,24,12,49,8,3,10,0.08,1.5,49,4.9,0.06,0
tryentercs.c,105,0,48,1,57,33,12,64,82,45,146,555,0.09,11.11,6166.67,0.19,342.59,10,5,16,3,1,5,0.09,1.67,16,3.2,0.05,0
tryentercs2.c,94,0,48,1,46,29,11,56,67,40,123,453,0.09,11.11,5033.33,0.15,279.63,6,3,13,1,0,4,0.09,3,13,3.25,0.04,0
tsd.c,46,0,35,1,11,0,0,0,0,0,0,0,0,0,0,0,0,0,0,0,0,0,1,0.09,0,0,0,0.02,0
tsd1.c,211,0,99,1,112,37,18,182,242,55,424,1699,0.02,50,84950,0.57,4719.44,10,5,33,1,0,6,0.05,5,33,5.5,0.03,0
tsd2.c,215,0,100,1,115,38,18,189,251,56,440,1771,0.02,50,88550,0.59,4919.44,14,7,35,3,1,7,0.06,2.33,35,5,0.03,0
tuklib_cpucores.c,65,10,14,1,41,22,16,54,72,38,126,458,0.05,20,9160,0.15,508.89,12,6,0,6,0,7,0.17,1,0,0,0.11,0
tuklib_exit.c,60,8,19,1,33,20,9,43,49,29,92,309,0.1,10,3090,0.1,171.67,12,6,0,5,0,7,0.21,1.2,0,0,0.12,0
tuklib_mbstr_fw.c,34,6,11,1,17,9,14,26,32,23,58,181,0.05,20,3620,0.06,201.11,6,3,0,3,0,4,0.24,1,0,0,0.12,0
tuklib_mbstr_width.c,67,13,18,1,36,22,19,61,75,41,136,505,0.04,25,12625,0.17,701.39,10,5,0,4,0,6,0.17,1.25,0,0,0.09,0
tuklib_open_stdxxx.c,60,8,22,1,30,18,15,30,42,33,72,251,0.08,12.5,3137.5,0.08,174.31,10,5,0,3,0,6,0.2,1.67,0,0,0.1,0
tuklib_physmem.c,199,28,36,1,135,89,22,219,290,111,509,2397,0.04,25,59925,0.8,3329.17,56,28,2,27,1,28,0.21,1.04,2,0.07,0.14,0
tuklib_progname.c,53,10,17,1,26,16,20,48,66,36,114,408,0.03,33.33,13600,0.14,755.56,8,4,0,2,0,5,0.19,2,0,0,0.09,0
twitch.c,226,49,3,0,174,104,24,325,439,128,764,3706,0.03,33.33,123533.33,1.24,6862.96,40,20,61,17,1,20,0.11,1.18,61,3.05,0.09,0
utf.c,189,21,19,1,149,56,24,265,376,80,641,2808,0.02,50,140400,0.94,7800,94,47,4,45,17,31,0.21,1.04,4,0.13,0.16,0
utf8.c,376,0,85,1,291,82,35,585,834,117,1419,6757,0.01,100,675700,2.25,37538.89,146,73,10,65,17,55,0.19,1.12,10,0.18,0.15,0
v4l2-helpers.c,284,49,18,1,217,114,25,541,686,139,1227,6054,0.02,50,302700,2.02,16816.67,76,38,42,34,1,38,0.18,1.12,42,1.11,0.13,0
v4l2-input.c,1002,85,123,1,794,390,34,1707,2052,424,3759,22740,0.01,100,2274000,7.58,126333.33,162,81,274,61,5,74,0.09,1.33,274,3.7,0.07,0
v4l2-udev.c,201,17,36,1,148,88,29,202,283,117,485,2309,0.03,33.33,76966.67,0.77,4275.93,32,16,39,15,1,15,0.1,1.07,39,2.6,0.07,0
valid1.c,105,0,72,1,33,18,10,42,58,28,100,333,0.09,11.11,3700,0.11,205.56,0,0,9,0,0,1,0.03,0,9,9,0.01,0
valid2.c,86,0,72,1,14,8,7,10,12,15,22,59,0.23,4.35,256.52,0.02,14.25,0,0,2,0,0,1,0.07,0,2,2,0.01,0
value.c,1047,240,26,1,781,198,33,1563,2050,231,3613,19663,0.01,100,1966300,6.55,109238.89,260,130,234,123,8,119,0.15,1.06,234,1.97,0.11,0
vec2.c,54,0,16,1,38,25,13,77,96,38,173,629,0.05,20,12580,0.21,698.89,2,1,13,1,0,2,0.05,1,13,6.5,0.04,0
vec3.c,93,0,16,1,77,39,11,180,231,50,411,1607,0.04,25,40175,0.54,2231.94,0,0,21,0,0,1,0.01,0,21,21,0.01,0
vec4.c,44,0,16,1,28,20,10,54,68,30,122,414,0.07,14.29,5914.29,0.14,328.57,0,0,6,0,0,1,0.04,0,6,6,0.02,0
video-fourcc.c,56,0,16,1,40,26,8,91,98,34,189,666,0.07,14.29,9514.29,0.22,528.57,32,16,16,16,1,15,0.38,1,16,1.07,0.27,0
video-frame.c,151,6,17,1,128,42,20,373,426,62,799,3297,0.01,100,329700,1.1,18316.67,50,25,29,25,2,22,0.17,1,29,1.32,0.15,0
video-io.c,586,111,27,1,448,180,32,1033,1308,212,2341,12539,0.01,100,1253900,4.18,69661.11,136,68,88,53,5,64,0.14,1.28,88,1.38,0.11,0
video-matrices.c,222,18,17,1,187,115,24,629,592,139,1221,6024,0.02,50,301200,2.01,16733.33,24,12,15,8,0,13,0.07,1.5,15,1.15,0.06,0
video-scaler-ffmpeg.c,166,12,16,1,138,110,22,234,312,132,546,2666,0.04,25,66650,0.89,3702.78,60,30,21,30,4,23,0.17,1,21,0.91,0.14,0
vlc-video-plugin.c,229,33,11,0,185,180,15,378,333,195,711,3749,0.06,16.67,62483.33,1.25,3471.3,20,10,62,10,0,11,0.06,1,62,5.64,0.05,0
vlc-video-source.c,965,181,27,0,757,438,37,1763,2138,475,3901,24043,0.01,100,2404300,8.01,133572.22,152,76,284,62,9,67,0.09,1.23,284,4.24,0.07,0
vli_decoder.c,89,14,35,1,40,27,23,75,115,50,190,743,0.03,33.33,24766.67,0.25,1375.93,24,12,0,9,1,12,0.3,1.33,0,0,0.13,0
vli_encoder.c,72,12,25,1,35,24,20,67,101,44,168,635,0.04,25,15875,0.21,881.94,20,10,0,6,1,10,0.29,1.67,0,0,0.14,0
vli_size.c,33,5,11,1,17,11,12,23,27,23,50,156,0.08,12.5,1950,0.05,108.33,4,2,0,1,0,3,0.18,2,0,0,0.09,0
vtt.c,359,50,35,1,274,128,31,673,824,159,1497,7588,0.01,100,758800,2.53,42155.56,98,49,66,40,9,40,0.15,1.23,66,1.65,0.11,0
w32_CancelableWait.c,163,0,70,1,93,42,21,107,133,63,240,994,0.04,25,24850,0.33,1380.56,22,11,9,11,3,8,0.09,1,9,1.13,0.05,0
wasapi-enum-devices.c,170,33,0,0,137,84,20,278,347,104,625,2902,0.03,33.33,96733.33,0.97,5374.07,42,21,41,20,0,22,0.16,1.05,41,1.86,0.13,0
wasapi-output.c,442,78,13,0,351,255,34,833,1040,289,1873,10613,0.02,50,530650,3.54,29480.56,94,47,81,44,5,42,0.12,1.07,81,1.93,0.1,0
window-capture.c,257,56,4,0,197,141,23,434,540,164,974,4967,0.03,33.33,165566.67,1.66,9198.15,40,20,53,20,2,19,0.1,1,53,2.79,0.07,0
window-helpers.c,425,85,2,0,338,166,29,757,980,195,1737,9159,0.02,50,457950,3.05,25441.67,122,61,105,52,6,56,0.17,1.17,105,1.88,0.13,0
x86.c,157,36,12,1,109,56,36,275,326,92,601,2717,0.01,100,271700,0.91,15094.44,32,16,4,13,3,14,0.13,1.23,4,0.29,0.09,0
xcursor-xcb.c,119,4,23,1,92,70,17,196,226,87,422,1884,0.04,25,47100,0.63,2616.67,16,8,23,8,1,8,0.09,1,23,2.88,0.07,0
xcursor.c,129,4,27,1,98,70,21,235,266,91,501,2259,0.03,33.33,75300,0.75,4183.33,18,9,25,8,1,9,0.09,1.13,25,2.78,0.07,0
xdlldata.c,46,0,32,1,14,0,0,0,0,0,0,0,0,0,0,0,0,0,0,0,0,0,1,0.07,0,0,0,0.02,0
xds.c,64,5,24,1,35,27,20,70,88,47,158,608,0.04,25,15200,0.2,844.44,10,5,2,5,1,4,0.11,1,2,0.5,0.06,0
xhelpers.c,249,41,16,1,192,101,23,423,517,124,940,4531,0.02,50,226550,1.51,12586.11,54,27,42,24,0,28,0.15,1.13,42,1.5,0.11,0
xshm-input.c,511,44,77,1,390,226,27,817,959,253,1776,9827,0.02,50,491350,3.28,27297.22,86,43,127,34,4,40,0.1,1.26,127,3.18,0.08,0
